property_detail_id,parent_objective_id,property_name,property_group,detail_type,detail_name,source_content,worldspace,region,hold,location,prerequisite_or_trigger,acquisition_or_build_method,cost_or_materials,service_or_npc_dependency,feature_summary,safe_storage_status,display_or_collection_relevance,family_support,survival_mode_relevance,route_treatment,source_id,citations,notes
PROPDET-000001,OBJ-001920,Breezehome,city_home,ownership_summary,Breezehome purchase and feature summary,base_game,Skyrim,Whiterun Hold,Whiterun,Whiterun | Breezehome,,Purchase from city steward,"5,000 gold purchase; 1,550 HF to 1,800 gold full upgrade range",Purchased/upgraded through Proventus Avenicci or Brill; housecarl Lydia,4 bookshelves; 1 shield plaque; 2 weapon plaques; 1 weapon rack with 2 slots; 18 storage spaces; alchemy lab possible,source_lists_safe_home_storage,4 bookshelves; 1 shield plaque; 2 weapon plaques; 1 weapon rack with 2 slots; 18 storage spaces; alchemy lab possible,Spouse and child support require later validation where Hearthfire child-bedroom choices apply.,Breezehome can act as a regional sleep/storage point after purchase.,source_listed_detail,SRC-000063,SN-000074-property-city-and-severin-detail-expansion.md,Breezehome is the cheapest city home and a practical early storage base; exact route timing still depends on Whiterun state and economy.
PROPDET-000002,OBJ-001921,Honeyside,city_home,ownership_summary,Honeyside purchase and feature summary,base_game,Skyrim,The Rift,Riften,Riften | Honeyside,,Purchase from city steward after Riften prerequisites,"5,000 to 8,000 gold purchase; 3,850 HF to 4,300 gold full upgrade range",Purchased/upgraded through Anuriel or Hemming Black-Briar; housecarl Iona,"4 bookshelves; 1 shield plaque; 4 weapon plaques; 2 mannequins; 1 weapon rack with 4 slots; 12 storage spaces; alchemy, enchanting, and tanning features possible",source_lists_safe_home_storage,"4 bookshelves; 1 shield plaque; 4 weapon plaques; 2 mannequins; 1 weapon rack with 4 slots; 12 storage spaces; alchemy, enchanting, and tanning features possible",Spouse and child support require later validation where Hearthfire child-bedroom choices apply.,Honeyside can act as a regional sleep/storage point after purchase.,source_listed_detail,SRC-000063,SN-000074-property-city-and-severin-detail-expansion.md,Honeyside has city and dock access; route should later validate price bug and Riften thane/property sequence.
PROPDET-000003,OBJ-001922,Vlindrel Hall,city_home,ownership_summary,Vlindrel Hall purchase and feature summary,base_game,Skyrim,The Reach,Markarth,Markarth | Vlindrel Hall,,Purchase from city steward after Reach prerequisites,"8,000 gold purchase; 3,900 HF to 4,200 gold full upgrade range",Purchased/upgraded through Raerek or Reburrus Quintilius; housecarl Argis the Bulwark,9 bookshelves; 3 shield plaques; 2 weapon plaques; 4 display cases; 1 mannequin; 2 weapon racks with 2 slots; 28 storage spaces; alchemy and enchanting possible,source_lists_safe_home_storage,9 bookshelves; 3 shield plaques; 2 weapon plaques; 4 display cases; 1 mannequin; 2 weapon racks with 2 slots; 28 storage spaces; alchemy and enchanting possible,Spouse and child support require later validation where Hearthfire child-bedroom choices apply.,Vlindrel Hall can act as a regional sleep/storage point after purchase.,source_listed_detail,SRC-000063,SN-000074-property-city-and-severin-detail-expansion.md,"Large bookshelf and display capacity make this important for collection staging, but child-bedroom tradeoff requires later default policy."
PROPDET-000004,OBJ-001923,Hjerim,city_home,ownership_summary,Hjerim purchase and feature summary,base_game,Skyrim,Eastmarch,Windhelm,Windhelm | Hjerim,,Purchase from steward after Blood on the Ice and Civil War/Eastmarch access state,"8,000 to 12,000 gold purchase; 9,000 to 10,250 HF gold full upgrade range",Purchased/upgraded through Jorleif; housecarl Calder,12 bookshelves; 2 shield plaques; 7 weapon plaques; 7 display cases; 3 mannequins; 1 weapon rack with 5 slots; 29 storage spaces; alchemy and enchanting possible,source_lists_safe_home_storage,12 bookshelves; 2 shield plaques; 7 weapon plaques; 7 display cases; 3 mannequins; 1 weapon rack with 5 slots; 29 storage spaces; alchemy and enchanting possible,Spouse and child support require later validation where Hearthfire child-bedroom choices apply.,Hjerim can act as a regional sleep/storage point after purchase.,source_listed_detail,SRC-000063,SN-000074-property-city-and-severin-detail-expansion.md,Hjerim has major prerequisite and cleanup-order risks; detailed conflict and bug mitigation remain downstream.
PROPDET-000005,OBJ-001924,Proudspire Manor,city_home,ownership_summary,Proudspire Manor purchase and feature summary,base_game,Skyrim,Haafingar,Solitude,Solitude | Proudspire Manor,,Purchase from Solitude steward after Haafingar prerequisites,"25,000 gold purchase; 11,000 to 14,000 HF to 14,500 CC gold full upgrade range",Purchased/upgraded through Falk Firebeard; housecarl Jordis the Sword-Maiden,10 bookshelves; 2 shield plaques; 2 weapon plaques; 2 mannequins; 2 weapon racks; 15 storage spaces; alchemy and enchanting possible; one Stone of Barenziah is in the master bedroom,source_lists_safe_home_storage,10 bookshelves; 2 shield plaques; 2 weapon plaques; 2 mannequins; 2 weapon racks; 15 storage spaces; alchemy and enchanting possible; one Stone of Barenziah is in the master bedroom,Spouse and child support require later validation where Hearthfire child-bedroom choices apply.,Proudspire Manor can act as a regional sleep/storage point after purchase.,source_listed_detail,SRC-000063,SN-000074-property-city-and-severin-detail-expansion.md,Proudspire has high economy cost and checklist synchronization value because of the Stone of Barenziah inside.
PROPDET-000006,OBJ-001920,Breezehome,city_home,purchasable_upgrade,Alchemy laboratory,base_game,Skyrim,Whiterun Hold,Whiterun,Whiterun | Breezehome,,Purchase from Proventus Avenicci or Brill when available,500 gold,City steward: Proventus Avenicci or Brill,Adds alchemy lab and storage; mutually exclusive with Child's Bedroom under Hearthfire.,source_lists_storage,Alchemy lab,No child beds with this option.,"City-home furnishing may affect storage, crafting, family beds, and regional rest points.",mutually_exclusive_upgrade,SRC-000063,SN-000074-property-city-and-severin-detail-expansion.md,Exact purchase timing and any bug mitigation remain deferred to property/economy/conflict passes.
PROPDET-000007,OBJ-001920,Breezehome,city_home,purchasable_upgrade,Bedroom furnishings,base_game,Skyrim,Whiterun Hold,Whiterun,Whiterun | Breezehome,,Purchase from Proventus Avenicci or Brill when available,300 gold,City steward: Proventus Avenicci or Brill,"Adds bed, chest, dresser, end tables, and decorations.",source_lists_storage,,Adult bedroom.,"City-home furnishing may affect storage, crafting, family beds, and regional rest points.",purchasable_upgrade,SRC-000063,SN-000074-property-city-and-severin-detail-expansion.md,Exact purchase timing and any bug mitigation remain deferred to property/economy/conflict passes.
PROPDET-000008,OBJ-001920,Breezehome,city_home,purchasable_upgrade,Dining room decorations,base_game,Skyrim,Whiterun Hold,Whiterun,Whiterun | Breezehome,,Purchase from Proventus Avenicci or Brill when available,250 gold,City steward: Proventus Avenicci or Brill,"Upgrades dining table and adds barrel, cupboard, wall shelves, chair, and rug.",source_lists_storage,,,"City-home furnishing may affect storage, crafting, family beds, and regional rest points.",purchasable_upgrade,SRC-000063,SN-000074-property-city-and-severin-detail-expansion.md,Exact purchase timing and any bug mitigation remain deferred to property/economy/conflict passes.
PROPDET-000009,OBJ-001920,Breezehome,city_home,purchasable_upgrade,Kitchen furnishings,base_game,Skyrim,Whiterun Hold,Whiterun,Whiterun | Breezehome,,Purchase from Proventus Avenicci or Brill when available,300 gold,City steward: Proventus Avenicci or Brill,"Adds cooking pot, shelves, table, chairs, wall decorations, harvestable garlic and elves ear, and salmon.",needs_validation_later,,,"City-home furnishing may affect storage, crafting, family beds, and regional rest points.",purchasable_upgrade,SRC-000063,SN-000074-property-city-and-severin-detail-expansion.md,Exact purchase timing and any bug mitigation remain deferred to property/economy/conflict passes.
PROPDET-000010,OBJ-001920,Breezehome,city_home,purchasable_upgrade,Living room furnishings,base_game,Skyrim,Whiterun Hold,Whiterun,Whiterun | Breezehome,,Purchase from Proventus Avenicci or Brill when available,250 gold,City steward: Proventus Avenicci or Brill,"Adds bookshelf, weapon plaque, weapon rack, tables, chairs, cupboard, wall shelves, and rug.",source_lists_storage,Bookshelf; weapon plaque; weapon rack,,"City-home furnishing may affect storage, crafting, family beds, and regional rest points.",purchasable_upgrade,SRC-000063,SN-000074-property-city-and-severin-detail-expansion.md,Exact purchase timing and any bug mitigation remain deferred to property/economy/conflict passes.
PROPDET-000011,OBJ-001920,Breezehome,city_home,purchasable_upgrade,Loft decorations,base_game,Skyrim,Whiterun Hold,Whiterun,Whiterun | Breezehome,,Purchase from Proventus Avenicci or Brill when available,200 gold,City steward: Proventus Avenicci or Brill,"Adds chairs, cupboard, table, weapon plaque, wall decorations, and rug.",source_lists_storage,Weapon plaque,,"City-home furnishing may affect storage, crafting, family beds, and regional rest points.",purchasable_upgrade,SRC-000063,SN-000074-property-city-and-severin-detail-expansion.md,Exact purchase timing and any bug mitigation remain deferred to property/economy/conflict passes.
PROPDET-000012,OBJ-001920,Breezehome,city_home,purchasable_upgrade,Child's Bedroom,base_game,Skyrim,Whiterun Hold,Whiterun,Whiterun | Breezehome,,Purchase from Proventus Avenicci or Brill when available,250 gold,City steward: Proventus Avenicci or Brill,"Hearthfire-only option; replaces the alchemy laboratory and adds two child beds, chests, shelf, practice dummy, decorations, and rug.",source_lists_storage,,Supports two adopted children if chosen.,"City-home furnishing may affect storage, crafting, family beds, and regional rest points.",mutually_exclusive_upgrade,SRC-000063,SN-000074-property-city-and-severin-detail-expansion.md,Exact purchase timing and any bug mitigation remain deferred to property/economy/conflict passes.
PROPDET-000013,OBJ-001920,Breezehome,city_home,purchasable_upgrade,Housecarl's Quarters,base_game,Skyrim,Whiterun Hold,Whiterun,Whiterun | Breezehome,,Purchase from Proventus Avenicci or Brill when available,Become Thane of Whiterun,City steward: Proventus Avenicci or Brill,"Adds owned single bed, dresser, end table, and rug.",source_lists_storage,,Housecarl room for Lydia.,"City-home furnishing may affect storage, crafting, family beds, and regional rest points.",thane_service_unlock,SRC-000063,SN-000074-property-city-and-severin-detail-expansion.md,Exact purchase timing and any bug mitigation remain deferred to property/economy/conflict passes.
PROPDET-000014,OBJ-001921,Honeyside,city_home,purchasable_upgrade,Bedroom,base_game,Skyrim,The Rift,Riften,Riften | Honeyside,,Purchase from Anuriel or Hemming Black-Briar when available,600 gold,City steward: Anuriel or Hemming Black-Briar,"Adds bed, wardrobe, chest, table, end tables, bookshelf, weapon plaque, mounted decorations, and rugs.",source_lists_storage,Bookshelf; weapon plaque,,"City-home furnishing may affect storage, crafting, family beds, and regional rest points.",purchasable_upgrade,SRC-000063,SN-000074-property-city-and-severin-detail-expansion.md,Exact purchase timing and any bug mitigation remain deferred to property/economy/conflict passes.
PROPDET-000015,OBJ-001921,Honeyside,city_home,purchasable_upgrade,Kitchen,base_game,Skyrim,The Rift,Riften,Riften | Honeyside,,Purchase from Anuriel or Hemming Black-Briar when available,500 gold,City steward: Anuriel or Hemming Black-Briar,"Adds cooking pot, storage furniture, shield plaque, mounted decorations, harvestables, fish, and animals.",source_lists_storage,Shield plaque,,"City-home furnishing may affect storage, crafting, family beds, and regional rest points.",purchasable_upgrade,SRC-000063,SN-000074-property-city-and-severin-detail-expansion.md,Exact purchase timing and any bug mitigation remain deferred to property/economy/conflict passes.
PROPDET-000016,OBJ-001921,Honeyside,city_home,purchasable_upgrade,Alchemy Laboratory,base_game,Skyrim,The Rift,Riften,Riften | Honeyside,,Purchase from Anuriel or Hemming Black-Briar when available,1000 gold,City steward: Anuriel or Hemming Black-Briar,"Adds alchemy lab, bookshelf, shelves, table, wall shelf, planter, and rugs.",source_lists_storage,Bookshelf,,"City-home furnishing may affect storage, crafting, family beds, and regional rest points.",purchasable_upgrade,SRC-000063,SN-000074-property-city-and-severin-detail-expansion.md,Exact purchase timing and any bug mitigation remain deferred to property/economy/conflict passes.
PROPDET-000017,OBJ-001921,Honeyside,city_home,purchasable_upgrade,Enchanting Area,base_game,Skyrim,The Rift,Riften,Riften | Honeyside,,Purchase from Anuriel or Hemming Black-Briar when available,1000 gold,City steward: Anuriel or Hemming Black-Briar,"Adds arcane enchanter, weapon rack, weapon plaques, mannequins, table, wall shelf, banners, and rugs.",source_lists_storage,Weapon rack; weapon plaques; mannequins,,"City-home furnishing may affect storage, crafting, family beds, and regional rest points.",mutually_exclusive_upgrade,SRC-000063,SN-000074-property-city-and-severin-detail-expansion.md,Exact purchase timing and any bug mitigation remain deferred to property/economy/conflict passes.
PROPDET-000018,OBJ-001921,Honeyside,city_home,purchasable_upgrade,Garden,base_game,Skyrim,The Rift,Riften,Riften | Honeyside,,Purchase from Anuriel or Hemming Black-Briar when available,800 gold,City steward: Anuriel or Hemming Black-Briar,"Adds chickens, wheelbarrow, and harvestable plants.",needs_validation_later,,,"City-home furnishing may affect storage, crafting, family beds, and regional rest points.",purchasable_upgrade,SRC-000063,SN-000074-property-city-and-severin-detail-expansion.md,Exact purchase timing and any bug mitigation remain deferred to property/economy/conflict passes.
PROPDET-000019,OBJ-001921,Honeyside,city_home,purchasable_upgrade,Porch,base_game,Skyrim,The Rift,Riften,Riften | Honeyside,,Purchase from Anuriel or Hemming Black-Briar when available,400 gold,City steward: Anuriel or Hemming Black-Briar,"Adds tanning rack, Fishing Supplies CC, fishing boat, rods, rugs, chairs, table, fish barrels, and harvestable salmon.",needs_validation_later,,,"City-home furnishing may affect storage, crafting, family beds, and regional rest points.",purchasable_upgrade,SRC-000063,SN-000074-property-city-and-severin-detail-expansion.md,Exact purchase timing and any bug mitigation remain deferred to property/economy/conflict passes.
PROPDET-000020,OBJ-001921,Honeyside,city_home,purchasable_upgrade,Child's Bedroom,base_game,Skyrim,The Rift,Riften,Riften | Honeyside,,Purchase from Anuriel or Hemming Black-Briar when available,550 gold,City steward: Anuriel or Hemming Black-Briar,Hearthfire-only option; replaces the enchanting laboratory; UESP notes it can be switched back and forth at will.,source_lists_storage,,Supports two adopted children if chosen.,"City-home furnishing may affect storage, crafting, family beds, and regional rest points.",mutually_exclusive_upgrade,SRC-000063,SN-000074-property-city-and-severin-detail-expansion.md,Exact purchase timing and any bug mitigation remain deferred to property/economy/conflict passes.
PROPDET-000021,OBJ-001921,Honeyside,city_home,purchasable_upgrade,Housecarl's Quarters,base_game,Skyrim,The Rift,Riften,Riften | Honeyside,,Purchase from Anuriel or Hemming Black-Briar when available,Become Thane of the Rift,City steward: Anuriel or Hemming Black-Briar,"Adds owned bed, wardrobe, dresser, end table, chair, table, wall shelf, and rugs.",source_lists_storage,,Housecarl room for Iona.,"City-home furnishing may affect storage, crafting, family beds, and regional rest points.",thane_service_unlock,SRC-000063,SN-000074-property-city-and-severin-detail-expansion.md,Exact purchase timing and any bug mitigation remain deferred to property/economy/conflict passes.
PROPDET-000022,OBJ-001922,Vlindrel Hall,city_home,purchasable_upgrade,Bedroom furnishings,base_game,Skyrim,The Reach,Markarth,Markarth | Vlindrel Hall,,Purchase from Raerek or Reburrus Quintilius when available,800 gold,City steward: Raerek or Reburrus Quintilius,"Adds double bed, chest, cupboards, wardrobes, shelf stands, shield plaque, dagger-rack display cases, table, chairs, dresser, wall shelf, and rugs.",source_lists_storage,Shield plaque; dagger-rack display cases,,"City-home furnishing may affect storage, crafting, family beds, and regional rest points.",purchasable_upgrade,SRC-000063,SN-000074-property-city-and-severin-detail-expansion.md,Exact purchase timing and any bug mitigation remain deferred to property/economy/conflict passes.
PROPDET-000023,OBJ-001922,Vlindrel Hall,city_home,purchasable_upgrade,Living room furnishings,base_game,Skyrim,The Reach,Markarth,Markarth | Vlindrel Hall,,Purchase from Raerek or Reburrus Quintilius when available,900 gold,City steward: Raerek or Reburrus Quintilius,"Adds chairs, tables, dresser, cupboard, bookshelves, shelf stands, dagger-rack display case, and rugs.",source_lists_storage,Bookshelves; dagger-rack display case,,"City-home furnishing may affect storage, crafting, family beds, and regional rest points.",purchasable_upgrade,SRC-000063,SN-000074-property-city-and-severin-detail-expansion.md,Exact purchase timing and any bug mitigation remain deferred to property/economy/conflict passes.
PROPDET-000024,OBJ-001922,Vlindrel Hall,city_home,purchasable_upgrade,Alchemy laboratory,base_game,Skyrim,The Reach,Markarth,Markarth | Vlindrel Hall,,Purchase from Raerek or Reburrus Quintilius when available,1000 gold,City steward: Raerek or Reburrus Quintilius,"Adds alchemy lab, wall shelves, chair, stool, rug, barrels, harvestable plants, and animals; replaced by Child's Bedroom under Hearthfire.",source_lists_storage,,No child beds with this option.,"City-home furnishing may affect storage, crafting, family beds, and regional rest points.",mutually_exclusive_upgrade,SRC-000063,SN-000074-property-city-and-severin-detail-expansion.md,Exact purchase timing and any bug mitigation remain deferred to property/economy/conflict passes.
PROPDET-000025,OBJ-001922,Vlindrel Hall,city_home,purchasable_upgrade,Enchanting laboratory,base_game,Skyrim,The Reach,Markarth,Markarth | Vlindrel Hall,,Purchase from Raerek or Reburrus Quintilius when available,1000 gold,City steward: Raerek or Reburrus Quintilius,"Adds arcane enchanter, weapon plaques, wall shelf, shelf stands, weapon racks, shield plaques, mannequin, and rug.",source_lists_storage,Weapon plaques; weapon racks; shield plaques; mannequin,,"City-home furnishing may affect storage, crafting, family beds, and regional rest points.",purchasable_upgrade,SRC-000063,SN-000074-property-city-and-severin-detail-expansion.md,Exact purchase timing and any bug mitigation remain deferred to property/economy/conflict passes.
PROPDET-000026,OBJ-001922,Vlindrel Hall,city_home,purchasable_upgrade,Entrance hall,base_game,Skyrim,The Reach,Markarth,Markarth | Vlindrel Hall,,Purchase from Raerek or Reburrus Quintilius when available,500 gold,City steward: Raerek or Reburrus Quintilius,Adds rugs and harvestable plants.,needs_validation_later,,,"City-home furnishing may affect storage, crafting, family beds, and regional rest points.",purchasable_upgrade,SRC-000063,SN-000074-property-city-and-severin-detail-expansion.md,Exact purchase timing and any bug mitigation remain deferred to property/economy/conflict passes.
PROPDET-000027,OBJ-001922,Vlindrel Hall,city_home,purchasable_upgrade,Child's Bedroom,base_game,Skyrim,The Reach,Markarth,Markarth | Vlindrel Hall,,Purchase from Raerek or Reburrus Quintilius when available,700 gold,City steward: Raerek or Reburrus Quintilius,Hearthfire-only option; replaces the Alchemy Lab and is repeatably reversible.,source_lists_storage,,Supports two adopted children if chosen.,"City-home furnishing may affect storage, crafting, family beds, and regional rest points.",mutually_exclusive_upgrade,SRC-000063,SN-000074-property-city-and-severin-detail-expansion.md,Exact purchase timing and any bug mitigation remain deferred to property/economy/conflict passes.
PROPDET-000028,OBJ-001922,Vlindrel Hall,city_home,purchasable_upgrade,Housecarl's Quarters,base_game,Skyrim,The Reach,Markarth,Markarth | Vlindrel Hall,,Purchase from Raerek or Reburrus Quintilius when available,Become Thane of the Reach,City steward: Raerek or Reburrus Quintilius,"Adds bed, table, chair, dresser, cupboard, and rugs.",source_lists_storage,,Housecarl room for Argis the Bulwark.,"City-home furnishing may affect storage, crafting, family beds, and regional rest points.",thane_service_unlock,SRC-000063,SN-000074-property-city-and-severin-detail-expansion.md,Exact purchase timing and any bug mitigation remain deferred to property/economy/conflict passes.
PROPDET-000029,OBJ-001923,Hjerim,city_home,purchasable_upgrade,Bedroom furnishings,base_game,Skyrim,Eastmarch,Windhelm,Windhelm | Hjerim,,Purchase from Jorleif when available,1000 gold,City steward: Jorleif,"Adds bed, chairs, table, wardrobes, chest, end tables, bookshelf, shelf stands, display cases, and shield plaque.",source_lists_storage,Bookshelf; display cases; shield plaque,,"City-home furnishing may affect storage, crafting, family beds, and regional rest points.",purchasable_upgrade,SRC-000063,SN-000074-property-city-and-severin-detail-expansion.md,Exact purchase timing and any bug mitigation remain deferred to property/economy/conflict passes.
PROPDET-000030,OBJ-001923,Hjerim,city_home,purchasable_upgrade,Kitchen furnishings,base_game,Skyrim,Eastmarch,Windhelm,Windhelm | Hjerim,,Purchase from Jorleif when available,1000 gold,City steward: Jorleif,"Adds cooking pot, shelves, bookshelves, shelf stands, harvestable plants, and animals.",source_lists_storage,Bookshelf,,"City-home furnishing may affect storage, crafting, family beds, and regional rest points.",purchasable_upgrade,SRC-000063,SN-000074-property-city-and-severin-detail-expansion.md,Exact purchase timing and any bug mitigation remain deferred to property/economy/conflict passes.
PROPDET-000031,OBJ-001923,Hjerim,city_home,purchasable_upgrade,Living room,base_game,Skyrim,Eastmarch,Windhelm,Windhelm | Hjerim,,Purchase from Jorleif when available,1500 gold,City steward: Jorleif,"Adds bookshelf, wardrobes, tables, chairs, barrel, benches, and shelf stands.",source_lists_storage,Bookshelf,,"City-home furnishing may affect storage, crafting, family beds, and regional rest points.",purchasable_upgrade,SRC-000063,SN-000074-property-city-and-severin-detail-expansion.md,Exact purchase timing and any bug mitigation remain deferred to property/economy/conflict passes.
PROPDET-000032,OBJ-001923,Hjerim,city_home,purchasable_upgrade,Alchemy laboratory,base_game,Skyrim,Eastmarch,Windhelm,Windhelm | Hjerim,,Purchase from Jorleif when available,1500 gold,City steward: Jorleif,Adds alchemy lab and shelf stand.,source_lists_storage,,,"City-home furnishing may affect storage, crafting, family beds, and regional rest points.",purchasable_upgrade,SRC-000063,SN-000074-property-city-and-severin-detail-expansion.md,Exact purchase timing and any bug mitigation remain deferred to property/economy/conflict passes.
PROPDET-000033,OBJ-001923,Hjerim,city_home,purchasable_upgrade,Enchanting laboratory,base_game,Skyrim,Eastmarch,Windhelm,Windhelm | Hjerim,,Purchase from Jorleif when available,1500 gold,City steward: Jorleif,"Adds arcane enchanter, weapon plaques, bookshelf, and shelf stands.",source_lists_storage,Weapon plaques; bookshelf,,"City-home furnishing may affect storage, crafting, family beds, and regional rest points.",purchasable_upgrade,SRC-000063,SN-000074-property-city-and-severin-detail-expansion.md,Exact purchase timing and any bug mitigation remain deferred to property/economy/conflict passes.
PROPDET-000034,OBJ-001923,Hjerim,city_home,purchasable_upgrade,Armory,base_game,Skyrim,Eastmarch,Windhelm,Windhelm | Hjerim,,Purchase from Jorleif when available,2000 gold,City steward: Jorleif,"Adds display cases, mannequins, weapon rack, weapon plaques, and shield plaque.",source_lists_storage,Display cases; mannequins; weapon rack; weapon plaques; shield plaque,,"City-home furnishing may affect storage, crafting, family beds, and regional rest points.",purchasable_upgrade,SRC-000063,SN-000074-property-city-and-severin-detail-expansion.md,Exact purchase timing and any bug mitigation remain deferred to property/economy/conflict passes.
PROPDET-000035,OBJ-001923,Hjerim,city_home,purchasable_upgrade,Clean up that murderer's mess,base_game,Skyrim,Eastmarch,Windhelm,Windhelm | Hjerim,,Purchase from Jorleif when available,500 gold,City steward: Jorleif,"Removes bones, blood stains, a chest, and sacrificial altar; UESP notes this must be considered before living room furnishing.",not_applicable,,,"City-home furnishing may affect storage, crafting, family beds, and regional rest points.",warning_deferred,SRC-000063,SN-000074-property-city-and-severin-detail-expansion.md,Exact purchase timing and any bug mitigation remain deferred to property/economy/conflict passes.
PROPDET-000036,OBJ-001923,Hjerim,city_home,purchasable_upgrade,Child's Bedroom,base_game,Skyrim,Eastmarch,Windhelm,Windhelm | Hjerim,,Purchase from Jorleif when available,1250 gold,City steward: Jorleif,Hearthfire-only option; creates a room in the hall outside the hidden enchanting/alchemy room.,source_lists_storage,,Supports two adopted children if chosen.,"City-home furnishing may affect storage, crafting, family beds, and regional rest points.",purchasable_upgrade,SRC-000063,SN-000074-property-city-and-severin-detail-expansion.md,Exact purchase timing and any bug mitigation remain deferred to property/economy/conflict passes.
PROPDET-000037,OBJ-001923,Hjerim,city_home,purchasable_upgrade,Housecarl's Quarters,base_game,Skyrim,Eastmarch,Windhelm,Windhelm | Hjerim,,Purchase from Jorleif when available,Become Thane of Eastmarch,City steward: Jorleif,"Adds bed, dresser, wardrobe, chair, table, and rug.",source_lists_storage,,Housecarl room for Calder.,"City-home furnishing may affect storage, crafting, family beds, and regional rest points.",thane_service_unlock,SRC-000063,SN-000074-property-city-and-severin-detail-expansion.md,Exact purchase timing and any bug mitigation remain deferred to property/economy/conflict passes.
PROPDET-000038,OBJ-001924,Proudspire Manor,city_home,purchasable_upgrade,Bedroom furnishings,base_game,Skyrim,Haafingar,Solitude,Solitude | Proudspire Manor,,Purchase from Falk Firebeard when available,2000 gold,City steward: Falk Firebeard,"Adds wardrobes, weapon rack, end table, bed, chest, safe, bookshelf, and chair.",source_lists_storage,Weapon rack; bookshelf; Stone of Barenziah route synchronization,,"City-home furnishing may affect storage, crafting, family beds, and regional rest points.",purchasable_upgrade,SRC-000063,SN-000074-property-city-and-severin-detail-expansion.md,Exact purchase timing and any bug mitigation remain deferred to property/economy/conflict passes.
PROPDET-000039,OBJ-001924,Proudspire Manor,city_home,purchasable_upgrade,Kitchen furnishings,base_game,Skyrim,Haafingar,Solitude,Solitude | Proudspire Manor,,Purchase from Falk Firebeard when available,1500 gold,City steward: Falk Firebeard,"Adds cupboard, bookshelf, cooking pot, and chairs.",source_lists_storage,Bookshelf,,"City-home furnishing may affect storage, crafting, family beds, and regional rest points.",purchasable_upgrade,SRC-000063,SN-000074-property-city-and-severin-detail-expansion.md,Exact purchase timing and any bug mitigation remain deferred to property/economy/conflict passes.
PROPDET-000040,OBJ-001924,Proudspire Manor,city_home,purchasable_upgrade,Living room,base_game,Skyrim,Haafingar,Solitude,Solitude | Proudspire Manor,,Purchase from Falk Firebeard when available,2000 gold,City steward: Falk Firebeard,"Adds shelves, cupboard, chairs, bench, upstairs chairs, bookshelf, and storage shelves.",source_lists_storage,Bookshelf,,"City-home furnishing may affect storage, crafting, family beds, and regional rest points.",purchasable_upgrade,SRC-000063,SN-000074-property-city-and-severin-detail-expansion.md,Exact purchase timing and any bug mitigation remain deferred to property/economy/conflict passes.
PROPDET-000041,OBJ-001924,Proudspire Manor,city_home,purchasable_upgrade,Alchemy station,base_game,Skyrim,Haafingar,Solitude,Solitude | Proudspire Manor,,Purchase from Falk Firebeard when available,2500 gold,City steward: Falk Firebeard,"Adds alchemy lab, bookshelf, shelving units, table, firepit, ingredient rack, wall shelf, and rugs.",source_lists_storage,Bookshelf,,"City-home furnishing may affect storage, crafting, family beds, and regional rest points.",purchasable_upgrade,SRC-000063,SN-000074-property-city-and-severin-detail-expansion.md,Exact purchase timing and any bug mitigation remain deferred to property/economy/conflict passes.
PROPDET-000042,OBJ-001924,Proudspire Manor,city_home,purchasable_upgrade,Enchanting station,base_game,Skyrim,Haafingar,Solitude,Solitude | Proudspire Manor,,Purchase from Falk Firebeard when available,2500 gold,City steward: Falk Firebeard,"Adds arcane enchanter, weapon plaques, shield plaques, mannequins, bookshelf, wall shelf, soul gem holders, chairs, and potted plant.",source_lists_storage,Weapon plaques; shield plaques; mannequins; bookshelf,,"City-home furnishing may affect storage, crafting, family beds, and regional rest points.",purchasable_upgrade,SRC-000063,SN-000074-property-city-and-severin-detail-expansion.md,Exact purchase timing and any bug mitigation remain deferred to property/economy/conflict passes.
PROPDET-000043,OBJ-001924,Proudspire Manor,city_home,purchasable_upgrade,Patio furnishings,base_game,Skyrim,Haafingar,Solitude,Solitude | Proudspire Manor,,Purchase from Falk Firebeard when available,500 gold,City steward: Falk Firebeard,Adds chairs and potted plant.,not_applicable,,,"City-home furnishing may affect storage, crafting, family beds, and regional rest points.",purchasable_upgrade,SRC-000063,SN-000074-property-city-and-severin-detail-expansion.md,Exact purchase timing and any bug mitigation remain deferred to property/economy/conflict passes.
PROPDET-000044,OBJ-001924,Proudspire Manor,city_home,purchasable_upgrade,Child's Bedroom,base_game,Skyrim,Haafingar,Solitude,Solitude | Proudspire Manor,,Purchase from Falk Firebeard when available,3000 gold,City steward: Falk Firebeard,Hearthfire-only option; creates a room next to the master bedroom.,source_lists_storage,,Supports two adopted children if chosen.,"City-home furnishing may affect storage, crafting, family beds, and regional rest points.",purchasable_upgrade,SRC-000063,SN-000074-property-city-and-severin-detail-expansion.md,Exact purchase timing and any bug mitigation remain deferred to property/economy/conflict passes.
PROPDET-000045,OBJ-001924,Proudspire Manor,city_home,purchasable_upgrade,Fish tank,ae_creation,Skyrim,Haafingar,Solitude,Solitude | Proudspire Manor,,Purchase from Falk Firebeard when available,300 gold,City steward: Falk Firebeard,Creation Club/Fishing option adding one fish tank.,needs_validation_later,Fish display,Depends on relevant Creation content.,"City-home furnishing may affect storage, crafting, family beds, and regional rest points.",purchasable_upgrade,SRC-000063,SN-000074-property-city-and-severin-detail-expansion.md,Exact purchase timing and any bug mitigation remain deferred to property/economy/conflict passes.
PROPDET-000046,OBJ-001924,Proudspire Manor,city_home,purchasable_upgrade,Fish plaques,ae_creation,Skyrim,Haafingar,Solitude,Solitude | Proudspire Manor,,Purchase from Falk Firebeard when available,200 gold,City steward: Falk Firebeard,Creation Club/Fishing option adding two fish plaques.,needs_validation_later,Fish display plaques,Depends on relevant Creation content.,"City-home furnishing may affect storage, crafting, family beds, and regional rest points.",purchasable_upgrade,SRC-000063,SN-000074-property-city-and-severin-detail-expansion.md,Exact purchase timing and any bug mitigation remain deferred to property/economy/conflict passes.
PROPDET-000047,OBJ-001924,Proudspire Manor,city_home,purchasable_upgrade,Housecarl's Quarters,base_game,Skyrim,Haafingar,Solitude,Solitude | Proudspire Manor,,Purchase from Falk Firebeard when available,Become Thane of Haafingar,City steward: Falk Firebeard,Housecarl room for Jordis the Sword-Maiden.,source_lists_storage,,Housecarl room for Jordis the Sword-Maiden.,"City-home furnishing may affect storage, crafting, family beds, and regional rest points.",thane_service_unlock,SRC-000063,SN-000074-property-city-and-severin-detail-expansion.md,Exact purchase timing and any bug mitigation remain deferred to property/economy/conflict passes.
PROPDET-000048,OBJ-001925,Severin Manor,dragonborn_home,ownership_summary,Severin Manor reward and facility summary,dragonborn,Solstheim,Raven Rock,Raven Rock,Raven Rock | Severin Manor,Complete Served Cold,Awarded by Councilor Morvayn as quest reward,0 gold; no purchasable upgrades,"No spouse, steward, adopted-child, or housecarl support listed","Comes with stocked enchanting, alchemy, smithing, and cooking areas; two bedrooms; plentiful storage; weapon plaques; display cases; mannequins.",source_lists_safe_home_storage,Weapon plaques; display cases; mannequins,No spouse or adopted-child support listed.,Solstheim home base after Raven Rock quest progression.,source_listed_detail,SRC-000063 | SRC-000043,SN-000074-property-city-and-severin-detail-expansion.md,"Bug and music note remain downstream validation, not route policy here."
PROPDET-000049,OBJ-000395,Lakeview Manor,hearthfire_homestead,ownership_summary,Lakeview Manor land purchase summary,hearthfire,Skyrim,Falkreath Hold,Falkreath Hold,North of Pinewatch,,Purchase plot after hold-specific Hearthfire prerequisites,"5,000 gold land purchase",Land purchased through Jarl Siddgeir or Jarl Dengeir of Stuhn / Falkreath steward; housecarl Rayya,Unique exterior apiary option.,construction_chest_source_listed,Display/crafting capacity depends on later room choices.,Can become family residence after required beds/chests are built.,"Lakeview Manor can become a regional home, sleep, storage, and carriage hub after construction/services.",source_listed_detail,SRC-000063 | SRC-000032,SN-000075-hearthfire-construction-service-detail-expansion.md,Land prerequisite details remain in existing Hearthfire rows and later conflict/economy validation.
PROPDET-000050,OBJ-000396,Windstad Manor,hearthfire_homestead,ownership_summary,Windstad Manor land purchase summary,hearthfire,Skyrim,Hjaalmarch,Hjaalmarch,North of Ustengrav,,Purchase plot after hold-specific Hearthfire prerequisites,"5,000 gold land purchase",Land purchased through Jarl Idgrod Ravencrone or Sorli the Builder / Morthal steward; housecarl Valdimar,Unique exterior fish hatchery option.,construction_chest_source_listed,Display/crafting capacity depends on later room choices.,Can become family residence after required beds/chests are built.,"Windstad Manor can become a regional home, sleep, storage, and carriage hub after construction/services.",source_listed_detail,SRC-000063 | SRC-000032,SN-000075-hearthfire-construction-service-detail-expansion.md,Land prerequisite details remain in existing Hearthfire rows and later conflict/economy validation.
PROPDET-000051,OBJ-000397,Heljarchen Hall,hearthfire_homestead,ownership_summary,Heljarchen Hall land purchase summary,hearthfire,Skyrim,The Pale,The Pale,South of Fort Dunstad,,Purchase plot after hold-specific Hearthfire prerequisites,"5,000 gold land purchase",Land purchased through Jarl Skald or Jarl Brina Merilis / Dawnstar steward; housecarl Gregor,Unique exterior grain mill option.,construction_chest_source_listed,Display/crafting capacity depends on later room choices.,Can become family residence after required beds/chests are built.,"Heljarchen Hall can become a regional home, sleep, storage, and carriage hub after construction/services.",source_listed_detail,SRC-000063 | SRC-000032,SN-000075-hearthfire-construction-service-detail-expansion.md,Land prerequisite details remain in existing Hearthfire rows and later conflict/economy validation.
PROPDET-000052,OBJ-000407,All Hearthfire homesteads,hearthfire_construction,construction_module,Small House Layout,hearthfire,Skyrim,Hearthfire homesteads,,Lakeview Manor | Windstad Manor | Heljarchen Hall,Own plot and use drafting table/carpenter workbench as required,Build at carpenter workbench,"4 Clay, 2 Hinges, 1 Iron Fittings, 1 Lock, 30 Nails, 30 Quarried Stone, 17 Sawn Logs (1 Corundum Ingot, 6 Iron Ingots)",Self-built; steward furnishing service is separate where available.,Initial homestead structure; completed house includes one chest even without extra furnishings.,source_lists_storage,,Family support depends on beds/chests and room choices.,Material weight and home storage affect Survival Mode route logistics.,material_planning_row,SRC-000032,SN-000075-hearthfire-construction-service-detail-expansion.md,"Detailed per-furnishing item placement remains reference data, not route prose."
PROPDET-000053,OBJ-000407,All Hearthfire homesteads,hearthfire_construction,construction_module,Main Hall,hearthfire,Skyrim,Hearthfire homesteads,,Lakeview Manor | Windstad Manor | Heljarchen Hall,Own plot and use drafting table/carpenter workbench as required,Build at carpenter workbench,"16 Clay, 2 Hinges, 1 Iron Fittings, 1 Lock, 85 Nails, 36 Quarried Stone, 47 Sawn Logs (1 Corundum Ingot, 11.5 Iron Ingots)",Self-built; steward furnishing service is separate where available.,"Major expansion containing broad crafting, bed, book, display, and container options when furnished.",source_lists_storage,"Bookshelf, mannequin, weapon plaques, display cases after relevant furnishings",Family support depends on beds/chests and room choices.,Material weight and home storage affect Survival Mode route logistics.,material_planning_row,SRC-000032,SN-000075-hearthfire-construction-service-detail-expansion.md,"Detailed per-furnishing item placement remains reference data, not route prose."
PROPDET-000054,OBJ-000407,All Hearthfire homesteads,hearthfire_construction,construction_module,Cellar,hearthfire,Skyrim,Hearthfire homesteads,,Lakeview Manor | Windstad Manor | Heljarchen Hall,Own plot and use drafting table/carpenter workbench as required,Build at carpenter workbench,"8 Sawn Logs, 50 Quarried Stone",Self-built; steward furnishing service is separate where available.,"Optional Main Hall addition; steward cannot furnish Cellar, so self-build planning is required.",needs_validation_later,Aquarium/fishing display support if CC addition is built,Family support depends on beds/chests and room choices.,Material weight and home storage affect Survival Mode route logistics.,material_planning_row,SRC-000032,SN-000075-hearthfire-construction-service-detail-expansion.md,"Detailed per-furnishing item placement remains reference data, not route prose."
PROPDET-000055,OBJ-000407,All Hearthfire homesteads,hearthfire_construction,construction_module,Remodel House into Entryway,hearthfire,Skyrim,Hearthfire homesteads,,Lakeview Manor | Windstad Manor | Heljarchen Hall,Own plot and use drafting table/carpenter workbench as required,Build at carpenter workbench,No materials,Self-built; steward furnishing service is separate where available.,Available after Main Hall steps are complete; clears nearly anything already furnished inside and changes furnishing options.,not_applicable,,Family support depends on beds/chests and room choices.,Material weight and home storage affect Survival Mode route logistics.,warning_deferred,SRC-000032,SN-000075-hearthfire-construction-service-detail-expansion.md,"Detailed per-furnishing item placement remains reference data, not route prose."
PROPDET-000056,OBJ-000407,All Hearthfire homesteads,hearthfire_construction,construction_module,Aquarium,ae_creation,Skyrim,Hearthfire homesteads,,Lakeview Manor | Windstad Manor | Heljarchen Hall,Own plot and use drafting table/carpenter workbench as required,Build at carpenter workbench,"4 Sawn Logs, 25 Quarried Stone",Self-built; steward furnishing service is separate where available.,Creation Club/Fishing addition to the Main Hall cellar for fish tanks and plaques.,needs_validation_later,Fish tanks and plaques,Family support depends on beds/chests and room choices.,Material weight and home storage affect Survival Mode route logistics.,material_planning_row,SRC-000032,SN-000075-hearthfire-construction-service-detail-expansion.md,"Detailed per-furnishing item placement remains reference data, not route prose."
PROPDET-000057,OBJ-000407,All Hearthfire homesteads,hearthfire_construction,exterior_construction,Animal Pen,hearthfire,Skyrim,Hearthfire homesteads,,Lakeview Manor | Windstad Manor | Heljarchen Hall,Small House Layout complete,Build at exterior carpenter workbench,Sawn Log,,Adds tanning rack; allows cows and chickens through steward services.,needs_validation_later,"Crafting, garden, livestock, or travel service relevance varies by option.",,"Exterior amenities can affect food, crafting, horse travel, and material logistics.",material_planning_row,SRC-000032,SN-000075-hearthfire-construction-service-detail-expansion.md,Unique-property availability noted in feature summary where applicable.
PROPDET-000058,OBJ-000407,All Hearthfire homesteads,hearthfire_construction,exterior_construction,Armorer Workbench,hearthfire,Skyrim,Hearthfire homesteads,,Lakeview Manor | Windstad Manor | Heljarchen Hall,Small House Layout complete,Build at exterior carpenter workbench,"2 Quarried Stone, Iron Ingot, Sawn Log",,Adds exterior armor workbench.,needs_validation_later,"Crafting, garden, livestock, or travel service relevance varies by option.",,"Exterior amenities can affect food, crafting, horse travel, and material logistics.",material_planning_row,SRC-000032,SN-000075-hearthfire-construction-service-detail-expansion.md,Unique-property availability noted in feature summary where applicable.
PROPDET-000059,OBJ-000407,All Hearthfire homesteads,hearthfire_construction,exterior_construction,Apiary,hearthfire,Skyrim,Hearthfire homesteads,,Lakeview Manor | Windstad Manor | Heljarchen Hall,Small House Layout complete,Build at exterior carpenter workbench,"2 Sawn Logs, Nails, 2 Straw",,Only available at Lakeview Manor.,needs_validation_later,"Crafting, garden, livestock, or travel service relevance varies by option.",,"Exterior amenities can affect food, crafting, horse travel, and material logistics.",material_planning_row,SRC-000032,SN-000075-hearthfire-construction-service-detail-expansion.md,Unique-property availability noted in feature summary where applicable.
PROPDET-000060,OBJ-000407,All Hearthfire homesteads,hearthfire_construction,exterior_construction,Fish Hatchery,hearthfire,Skyrim,Hearthfire homesteads,,Lakeview Manor | Windstad Manor | Heljarchen Hall,Small House Layout complete,Build at exterior carpenter workbench,"3 Quarried Stone, 3 Sawn Logs, 4 Nails",,Only available at Windstad Manor.,needs_validation_later,"Crafting, garden, livestock, or travel service relevance varies by option.",,"Exterior amenities can affect food, crafting, horse travel, and material logistics.",material_planning_row,SRC-000032,SN-000075-hearthfire-construction-service-detail-expansion.md,Unique-property availability noted in feature summary where applicable.
PROPDET-000061,OBJ-000407,All Hearthfire homesteads,hearthfire_construction,exterior_construction,Mill,hearthfire,Skyrim,Hearthfire homesteads,,Lakeview Manor | Windstad Manor | Heljarchen Hall,Small House Layout complete,Build at exterior carpenter workbench,"2 Quarried Stone, 2 Sawn Logs, 2 Iron Fittings",,Only available at Heljarchen Hall; appears as Grain Mill and can make Sack of Flour.,needs_validation_later,"Crafting, garden, livestock, or travel service relevance varies by option.",,"Exterior amenities can affect food, crafting, horse travel, and material logistics.",material_planning_row,SRC-000032,SN-000075-hearthfire-construction-service-detail-expansion.md,Unique-property availability noted in feature summary where applicable.
PROPDET-000062,OBJ-000407,All Hearthfire homesteads,hearthfire_construction,exterior_construction,Garden,hearthfire,Skyrim,Hearthfire homesteads,,Lakeview Manor | Windstad Manor | Heljarchen Hall,Small House Layout complete,Build at exterior carpenter workbench,Sawn Log,,Adds 11 fertile soil plots.,needs_validation_later,"Crafting, garden, livestock, or travel service relevance varies by option.",,"Exterior amenities can affect food, crafting, horse travel, and material logistics.",material_planning_row,SRC-000032,SN-000075-hearthfire-construction-service-detail-expansion.md,Unique-property availability noted in feature summary where applicable.
PROPDET-000063,OBJ-000407,All Hearthfire homesteads,hearthfire_construction,exterior_construction,Grindstone,hearthfire,Skyrim,Hearthfire homesteads,,Lakeview Manor | Windstad Manor | Heljarchen Hall,Small House Layout complete,Build at exterior carpenter workbench,"Quarried Stone, Sawn Log, Iron Fittings",,Adds exterior grindstone.,needs_validation_later,"Crafting, garden, livestock, or travel service relevance varies by option.",,"Exterior amenities can affect food, crafting, horse travel, and material logistics.",material_planning_row,SRC-000032,SN-000075-hearthfire-construction-service-detail-expansion.md,Unique-property availability noted in feature summary where applicable.
PROPDET-000064,OBJ-000407,All Hearthfire homesteads,hearthfire_construction,exterior_construction,Smelter,hearthfire,Skyrim,Hearthfire homesteads,,Lakeview Manor | Windstad Manor | Heljarchen Hall,Small House Layout complete,Build at exterior carpenter workbench,"2 Iron Fittings, 5 Iron Ingots, 6 Clay, 4 Quarried Stone",,Adds smelter; Windstad version also adds anvil.,needs_validation_later,"Crafting, garden, livestock, or travel service relevance varies by option.",,"Exterior amenities can affect food, crafting, horse travel, and material logistics.",material_planning_row,SRC-000032,SN-000075-hearthfire-construction-service-detail-expansion.md,Unique-property availability noted in feature summary where applicable.
PROPDET-000065,OBJ-000407,All Hearthfire homesteads,hearthfire_construction,exterior_construction,Stable,hearthfire,Skyrim,Hearthfire homesteads,,Lakeview Manor | Windstad Manor | Heljarchen Hall,Small House Layout complete,Build at exterior carpenter workbench,"3 Sawn Logs, 5 Nails",,Required before steward can buy a homestead horse; Windstad version includes one barrel for storage.,needs_validation_later,"Crafting, garden, livestock, or travel service relevance varies by option.",,"Exterior amenities can affect food, crafting, horse travel, and material logistics.",material_planning_row,SRC-000032,SN-000075-hearthfire-construction-service-detail-expansion.md,Unique-property availability noted in feature summary where applicable.
PROPDET-000066,OBJ-000407,All Hearthfire homesteads,hearthfire_construction,wing_choice,East Wing: Armory,hearthfire,Skyrim,Hearthfire homesteads,,Lakeview Manor | Windstad Manor | Heljarchen Hall,Main Hall complete,"Choose one option for this wing at drafting table, then build at carpenter workbench","3 Clay, 6 Hinges, 3 Iron Fittings, 3 Locks, 14 Nails, 18 Quarried Stone, 14 Sawn Logs (3 Corundum Ingots, 10.4 Iron Ingots)",,"High display/crafting value: mannequins, weapon plaques/racks, display cases, workbench/grindstone/tanning racks possible.",needs_validation_later,"High display/crafting value: mannequins, weapon plaques/racks, display cases, workbench/grindstone/tanning racks possible.",,"Wing choice affects storage, crafting, food/ingredient production, and family logistics.",mutually_exclusive_wing_choice,SRC-000032,SN-000075-hearthfire-construction-service-detail-expansion.md,Final default wing layouts are a later writer recommendation; Master Architect requires three wings on each house.
PROPDET-000067,OBJ-000407,All Hearthfire homesteads,hearthfire_construction,wing_choice,East Wing: Kitchen,hearthfire,Skyrim,Hearthfire homesteads,,Lakeview Manor | Windstad Manor | Heljarchen Hall,Main Hall complete,"Choose one option for this wing at drafting table, then build at carpenter workbench","3 Clay, 4 Hinges, 2 Iron Fittings, 2 Locks, 20 Nails, 14 Quarried Stone, 18 Sawn Logs (2 Corundum Ingots, 8 Iron Ingots)",,"Food-production value: cooking/baking support, oven, churn, and storage possible.",needs_validation_later,,,"Wing choice affects storage, crafting, food/ingredient production, and family logistics.",mutually_exclusive_wing_choice,SRC-000032,SN-000075-hearthfire-construction-service-detail-expansion.md,Final default wing layouts are a later writer recommendation; Master Architect requires three wings on each house.
PROPDET-000068,OBJ-000407,All Hearthfire homesteads,hearthfire_construction,wing_choice,East Wing: Library,hearthfire,Skyrim,Hearthfire homesteads,,Lakeview Manor | Windstad Manor | Heljarchen Hall,Main Hall complete,"Choose one option for this wing at drafting table, then build at carpenter workbench","9 Clay, 6 Hinges, 3 Iron Fittings, 3 Locks, 34 Nails, 16 Quarried Stone, 24 Sawn Logs (3 Corundum Ingots, 12.4 Iron Ingots)",,Large book display/storage value: up to 308 books when fully furnished.,needs_validation_later,Large book display/storage value: up to 308 books when fully furnished.,,"Wing choice affects storage, crafting, food/ingredient production, and family logistics.",mutually_exclusive_wing_choice,SRC-000032,SN-000075-hearthfire-construction-service-detail-expansion.md,Final default wing layouts are a later writer recommendation; Master Architect requires three wings on each house.
PROPDET-000069,OBJ-000407,All Hearthfire homesteads,hearthfire_construction,wing_choice,North Wing: Alchemy Laboratory,hearthfire,Skyrim,Hearthfire homesteads,,Lakeview Manor | Windstad Manor | Heljarchen Hall,Main Hall complete,"Choose one option for this wing at drafting table, then build at carpenter workbench","9 Clay, 6 Hinges, 3 Iron Fittings, 3 Locks, 34 Nails, 16 Quarried Stone, 24 Sawn Logs (3 Corundum Ingots, 12.4 Iron Ingots)",,Alchemy crafting value and storage/display support.,needs_validation_later,Alchemy crafting value and storage/display support.,,"Wing choice affects storage, crafting, food/ingredient production, and family logistics.",mutually_exclusive_wing_choice,SRC-000032,SN-000075-hearthfire-construction-service-detail-expansion.md,Final default wing layouts are a later writer recommendation; Master Architect requires three wings on each house.
PROPDET-000070,OBJ-000407,All Hearthfire homesteads,hearthfire_construction,wing_choice,North Wing: Storage Room,hearthfire,Skyrim,Hearthfire homesteads,,Lakeview Manor | Windstad Manor | Heljarchen Hall,Main Hall complete,"Choose one option for this wing at drafting table, then build at carpenter workbench","3 Clay, 6 Hinges, 3 Iron Fittings, 3 Locks, 14 Nails, 18 Quarried Stone, 14 Sawn Logs (3 Corundum Ingots, 10.4 Iron Ingots)",,Storage-heavy option.,needs_validation_later,,,"Wing choice affects storage, crafting, food/ingredient production, and family logistics.",mutually_exclusive_wing_choice,SRC-000032,SN-000075-hearthfire-construction-service-detail-expansion.md,Final default wing layouts are a later writer recommendation; Master Architect requires three wings on each house.
PROPDET-000071,OBJ-000407,All Hearthfire homesteads,hearthfire_construction,wing_choice,North Wing: Trophy Room,hearthfire,Skyrim,Hearthfire homesteads,,Lakeview Manor | Windstad Manor | Heljarchen Hall,Main Hall complete,"Choose one option for this wing at drafting table, then build at carpenter workbench","3 Clay, 4 Hinges, 2 Iron Fittings, 2 Locks, 20 Nails, 14 Quarried Stone, 18 Sawn Logs (2 Corundum Ingots, 8 Iron Ingots)",,Trophy display option.,needs_validation_later,Trophy display option.,,"Wing choice affects storage, crafting, food/ingredient production, and family logistics.",mutually_exclusive_wing_choice,SRC-000032,SN-000075-hearthfire-construction-service-detail-expansion.md,Final default wing layouts are a later writer recommendation; Master Architect requires three wings on each house.
PROPDET-000072,OBJ-000407,All Hearthfire homesteads,hearthfire_construction,wing_choice,West Wing: Bedrooms,hearthfire,Skyrim,Hearthfire homesteads,,Lakeview Manor | Windstad Manor | Heljarchen Hall,Main Hall complete,"Choose one option for this wing at drafting table, then build at carpenter workbench","3 Clay, 6 Hinges, 3 Iron Fittings, 3 Locks, 14 Nails, 18 Quarried Stone, 14 Sawn Logs (3 Corundum Ingots, 10.4 Iron Ingots)",,Family-support option with child beds/chests and additional room support when furnished.,needs_validation_later,,Bedrooms is the main wing option with direct family-home relevance.,"Wing choice affects storage, crafting, food/ingredient production, and family logistics.",mutually_exclusive_wing_choice,SRC-000032,SN-000075-hearthfire-construction-service-detail-expansion.md,Final default wing layouts are a later writer recommendation; Master Architect requires three wings on each house.
PROPDET-000073,OBJ-000407,All Hearthfire homesteads,hearthfire_construction,wing_choice,West Wing: Enchanter's Tower,hearthfire,Skyrim,Hearthfire homesteads,,Lakeview Manor | Windstad Manor | Heljarchen Hall,Main Hall complete,"Choose one option for this wing at drafting table, then build at carpenter workbench","9 Clay, 6 Hinges, 3 Iron Fittings, 3 Locks, 34 Nails, 16 Quarried Stone, 24 Sawn Logs (3 Corundum Ingots, 12.4 Iron Ingots)",,Enchanting crafting value and tower display/storage support.,needs_validation_later,Enchanting crafting value and tower display/storage support.,,"Wing choice affects storage, crafting, food/ingredient production, and family logistics.",mutually_exclusive_wing_choice,SRC-000032,SN-000075-hearthfire-construction-service-detail-expansion.md,Final default wing layouts are a later writer recommendation; Master Architect requires three wings on each house.
PROPDET-000074,OBJ-000407,All Hearthfire homesteads,hearthfire_construction,wing_choice,West Wing: Greenhouse,hearthfire,Skyrim,Hearthfire homesteads,,Lakeview Manor | Windstad Manor | Heljarchen Hall,Main Hall complete,"Choose one option for this wing at drafting table, then build at carpenter workbench","3 Clay, 4 Hinges, 2 Iron Fittings, 2 Locks, 20 Nails, 14 Quarried Stone, 18 Sawn Logs (2 Corundum Ingots, 8 Iron Ingots)",,Ingredient-production value with plantable plots when furnished.,needs_validation_later,,,"Wing choice affects storage, crafting, food/ingredient production, and family logistics.",mutually_exclusive_wing_choice,SRC-000032,SN-000075-hearthfire-construction-service-detail-expansion.md,Final default wing layouts are a later writer recommendation; Master Architect requires three wings on each house.
PROPDET-000075,OBJ-000407,All Hearthfire homesteads,hearthfire_service,steward_furnishing_service,Steward furnishes Small House,hearthfire,Skyrim,Hearthfire homesteads,,Lakeview Manor | Windstad Manor | Heljarchen Hall,Personal steward assigned; relevant section built,Pay steward to furnish over time,1000 gold,Personal steward,Steward eventually adds all possible furnishings to that section; route must choose self-building if selective furnishings matter.,needs_validation_later,Depends on section.,Bedrooms and family spaces affect adoption/home assignment.,Outsourcing furnishings trades gold/time for material and carry relief.,service_option,SRC-000032 | SRC-000245,SN-000075-hearthfire-construction-service-detail-expansion.md,Cellar remains excluded from steward furnishing service and must be self-furnished.
PROPDET-000076,OBJ-000407,All Hearthfire homesteads,hearthfire_service,steward_furnishing_service,Steward furnishes Entry Room,hearthfire,Skyrim,Hearthfire homesteads,,Lakeview Manor | Windstad Manor | Heljarchen Hall,Personal steward assigned; relevant section built,Pay steward to furnish over time,1000 gold,Personal steward,Steward eventually adds all possible furnishings to that section; route must choose self-building if selective furnishings matter.,needs_validation_later,Depends on section.,Bedrooms and family spaces affect adoption/home assignment.,Outsourcing furnishings trades gold/time for material and carry relief.,service_option,SRC-000032 | SRC-000245,SN-000075-hearthfire-construction-service-detail-expansion.md,Cellar remains excluded from steward furnishing service and must be self-furnished.
PROPDET-000077,OBJ-000407,All Hearthfire homesteads,hearthfire_service,steward_furnishing_service,Steward furnishes Main Hall,hearthfire,Skyrim,Hearthfire homesteads,,Lakeview Manor | Windstad Manor | Heljarchen Hall,Personal steward assigned; relevant section built,Pay steward to furnish over time,3500 gold,Personal steward,Steward eventually adds all possible furnishings to that section; route must choose self-building if selective furnishings matter.,needs_validation_later,Depends on section.,Bedrooms and family spaces affect adoption/home assignment.,Outsourcing furnishings trades gold/time for material and carry relief.,service_option,SRC-000032 | SRC-000245,SN-000075-hearthfire-construction-service-detail-expansion.md,Cellar remains excluded from steward furnishing service and must be self-furnished.
PROPDET-000078,OBJ-000407,All Hearthfire homesteads,hearthfire_service,steward_furnishing_service,Steward furnishes Alchemy Laboratory,hearthfire,Skyrim,Hearthfire homesteads,,Lakeview Manor | Windstad Manor | Heljarchen Hall,Personal steward assigned; relevant section built,Pay steward to furnish over time,2500 gold,Personal steward,Steward eventually adds all possible furnishings to that section; route must choose self-building if selective furnishings matter.,needs_validation_later,Depends on section.,Bedrooms and family spaces affect adoption/home assignment.,Outsourcing furnishings trades gold/time for material and carry relief.,service_option,SRC-000032 | SRC-000245,SN-000075-hearthfire-construction-service-detail-expansion.md,Cellar remains excluded from steward furnishing service and must be self-furnished.
PROPDET-000079,OBJ-000407,All Hearthfire homesteads,hearthfire_service,steward_furnishing_service,Steward furnishes Armory,hearthfire,Skyrim,Hearthfire homesteads,,Lakeview Manor | Windstad Manor | Heljarchen Hall,Personal steward assigned; relevant section built,Pay steward to furnish over time,2000 gold,Personal steward,Steward eventually adds all possible furnishings to that section; route must choose self-building if selective furnishings matter.,needs_validation_later,Depends on section.,Bedrooms and family spaces affect adoption/home assignment.,Outsourcing furnishings trades gold/time for material and carry relief.,service_option,SRC-000032 | SRC-000245,SN-000075-hearthfire-construction-service-detail-expansion.md,Cellar remains excluded from steward furnishing service and must be self-furnished.
PROPDET-000080,OBJ-000407,All Hearthfire homesteads,hearthfire_service,steward_furnishing_service,Steward furnishes Bedrooms,hearthfire,Skyrim,Hearthfire homesteads,,Lakeview Manor | Windstad Manor | Heljarchen Hall,Personal steward assigned; relevant section built,Pay steward to furnish over time,2000 gold,Personal steward,Steward eventually adds all possible furnishings to that section; route must choose self-building if selective furnishings matter.,needs_validation_later,Depends on section.,Bedrooms and family spaces affect adoption/home assignment.,Outsourcing furnishings trades gold/time for material and carry relief.,service_option,SRC-000032 | SRC-000245,SN-000075-hearthfire-construction-service-detail-expansion.md,Cellar remains excluded from steward furnishing service and must be self-furnished.
PROPDET-000081,OBJ-000407,All Hearthfire homesteads,hearthfire_service,steward_furnishing_service,Steward furnishes Enchanter's Tower,hearthfire,Skyrim,Hearthfire homesteads,,Lakeview Manor | Windstad Manor | Heljarchen Hall,Personal steward assigned; relevant section built,Pay steward to furnish over time,2500 gold,Personal steward,Steward eventually adds all possible furnishings to that section; route must choose self-building if selective furnishings matter.,needs_validation_later,Depends on section.,Bedrooms and family spaces affect adoption/home assignment.,Outsourcing furnishings trades gold/time for material and carry relief.,service_option,SRC-000032 | SRC-000245,SN-000075-hearthfire-construction-service-detail-expansion.md,Cellar remains excluded from steward furnishing service and must be self-furnished.
PROPDET-000082,OBJ-000407,All Hearthfire homesteads,hearthfire_service,steward_furnishing_service,Steward furnishes Greenhouse,hearthfire,Skyrim,Hearthfire homesteads,,Lakeview Manor | Windstad Manor | Heljarchen Hall,Personal steward assigned; relevant section built,Pay steward to furnish over time,1500 gold,Personal steward,Steward eventually adds all possible furnishings to that section; route must choose self-building if selective furnishings matter.,needs_validation_later,Depends on section.,Bedrooms and family spaces affect adoption/home assignment.,Outsourcing furnishings trades gold/time for material and carry relief.,service_option,SRC-000032 | SRC-000245,SN-000075-hearthfire-construction-service-detail-expansion.md,Cellar remains excluded from steward furnishing service and must be self-furnished.
PROPDET-000083,OBJ-000407,All Hearthfire homesteads,hearthfire_service,steward_furnishing_service,Steward furnishes Kitchen,hearthfire,Skyrim,Hearthfire homesteads,,Lakeview Manor | Windstad Manor | Heljarchen Hall,Personal steward assigned; relevant section built,Pay steward to furnish over time,1500 gold,Personal steward,Steward eventually adds all possible furnishings to that section; route must choose self-building if selective furnishings matter.,needs_validation_later,Depends on section.,Bedrooms and family spaces affect adoption/home assignment.,Outsourcing furnishings trades gold/time for material and carry relief.,service_option,SRC-000032 | SRC-000245,SN-000075-hearthfire-construction-service-detail-expansion.md,Cellar remains excluded from steward furnishing service and must be self-furnished.
PROPDET-000084,OBJ-000407,All Hearthfire homesteads,hearthfire_service,steward_furnishing_service,Steward furnishes Library,hearthfire,Skyrim,Hearthfire homesteads,,Lakeview Manor | Windstad Manor | Heljarchen Hall,Personal steward assigned; relevant section built,Pay steward to furnish over time,1500 gold,Personal steward,Steward eventually adds all possible furnishings to that section; route must choose self-building if selective furnishings matter.,needs_validation_later,Depends on section.,Bedrooms and family spaces affect adoption/home assignment.,Outsourcing furnishings trades gold/time for material and carry relief.,service_option,SRC-000032 | SRC-000245,SN-000075-hearthfire-construction-service-detail-expansion.md,Cellar remains excluded from steward furnishing service and must be self-furnished.
PROPDET-000085,OBJ-000407,All Hearthfire homesteads,hearthfire_service,steward_furnishing_service,Steward furnishes Storage Room,hearthfire,Skyrim,Hearthfire homesteads,,Lakeview Manor | Windstad Manor | Heljarchen Hall,Personal steward assigned; relevant section built,Pay steward to furnish over time,1000 gold,Personal steward,Steward eventually adds all possible furnishings to that section; route must choose self-building if selective furnishings matter.,needs_validation_later,Depends on section.,Bedrooms and family spaces affect adoption/home assignment.,Outsourcing furnishings trades gold/time for material and carry relief.,service_option,SRC-000032 | SRC-000245,SN-000075-hearthfire-construction-service-detail-expansion.md,Cellar remains excluded from steward furnishing service and must be self-furnished.
PROPDET-000086,OBJ-000407,All Hearthfire homesteads,hearthfire_service,steward_furnishing_service,Steward furnishes Trophy Room,hearthfire,Skyrim,Hearthfire homesteads,,Lakeview Manor | Windstad Manor | Heljarchen Hall,Personal steward assigned; relevant section built,Pay steward to furnish over time,1500 gold,Personal steward,Steward eventually adds all possible furnishings to that section; route must choose self-building if selective furnishings matter.,needs_validation_later,Depends on section.,Bedrooms and family spaces affect adoption/home assignment.,Outsourcing furnishings trades gold/time for material and carry relief.,service_option,SRC-000032 | SRC-000245,SN-000075-hearthfire-construction-service-detail-expansion.md,Cellar remains excluded from steward furnishing service and must be self-furnished.
PROPDET-000087,OBJ-001950,All Hearthfire homesteads,hearthfire_service,steward_service,Hire carriage driver,hearthfire,Skyrim,Hearthfire homesteads,,Lakeview Manor | Windstad Manor | Heljarchen Hall,Personal steward assigned; prerequisite exterior option where noted,Hire through personal steward.,500 gold,Personal steward,Travel service for Survival Mode regional routing.,not_applicable,,,"Service can affect travel, food, income/material logistics, or household defaults.",service_option,SRC-000245 | SRC-000032,SN-000075-hearthfire-construction-service-detail-expansion.md,"Exact route use remains deferred to property recommendation, Survival Mode, and economy passes."
PROPDET-000088,OBJ-001949,All Hearthfire homesteads,hearthfire_service,steward_service,Hire bard,hearthfire,Skyrim,Hearthfire homesteads,,Lakeview Manor | Windstad Manor | Heljarchen Hall,Personal steward assigned; prerequisite exterior option where noted,Hire through personal steward.,1500 gold,Personal steward,Household flavor/service; final policy later.,not_applicable,,,"Service can affect travel, food, income/material logistics, or household defaults.",service_option,SRC-000245 | SRC-000032,SN-000075-hearthfire-construction-service-detail-expansion.md,"Exact route use remains deferred to property recommendation, Survival Mode, and economy passes."
PROPDET-000089,OBJ-001954,All Hearthfire homesteads,hearthfire_service,steward_service,Purchase homestead horse,hearthfire,Skyrim,Hearthfire homesteads,,Lakeview Manor | Windstad Manor | Heljarchen Hall,Personal steward assigned; prerequisite exterior option where noted,Requires exterior Stable option.,1000 gold,Personal steward,Horse travel service for Survival Mode.,not_applicable,,,"Service can affect travel, food, income/material logistics, or household defaults.",service_option,SRC-000245 | SRC-000032,SN-000075-hearthfire-construction-service-detail-expansion.md,"Exact route use remains deferred to property recommendation, Survival Mode, and economy passes."
PROPDET-000090,OBJ-000407,All Hearthfire homesteads,hearthfire_service,steward_service,Purchase cow,hearthfire,Skyrim,Hearthfire homesteads,,Lakeview Manor | Windstad Manor | Heljarchen Hall,Personal steward assigned; prerequisite exterior option where noted,Requires exterior Animal Pen option.,200 gold,Personal steward,Milk production over time if kitchen support exists.,not_applicable,,,"Service can affect travel, food, income/material logistics, or household defaults.",service_option,SRC-000245 | SRC-000032,SN-000075-hearthfire-construction-service-detail-expansion.md,"Exact route use remains deferred to property recommendation, Survival Mode, and economy passes."
PROPDET-000091,OBJ-000407,All Hearthfire homesteads,hearthfire_service,steward_service,Purchase chickens,hearthfire,Skyrim,Hearthfire homesteads,,Lakeview Manor | Windstad Manor | Heljarchen Hall,Personal steward assigned; prerequisite exterior option where noted,Requires exterior Animal Pen option.,25 gold each; up to three chickens,Personal steward,Chicken eggs production; UESP notes little advantage beyond completeness to more than one because there is one nest.,not_applicable,,,"Service can affect travel, food, income/material logistics, or household defaults.",service_option,SRC-000245 | SRC-000032,SN-000075-hearthfire-construction-service-detail-expansion.md,"Exact route use remains deferred to property recommendation, Survival Mode, and economy passes."
PROPDET-000092,OBJ-000407,All Hearthfire homesteads,hearthfire_service,steward_service,Buy lumber from steward,hearthfire,Skyrim,Hearthfire homesteads,,Lakeview Manor | Windstad Manor | Heljarchen Hall,Personal steward assigned; prerequisite exterior option where noted,Personal steward material purchase.,20 for 200 gold,Personal steward,Material procurement for construction.,not_applicable,,,"Service can affect travel, food, income/material logistics, or household defaults.",service_option,SRC-000245 | SRC-000032,SN-000075-hearthfire-construction-service-detail-expansion.md,"Exact route use remains deferred to property recommendation, Survival Mode, and economy passes."
PROPDET-000093,OBJ-000407,All Hearthfire homesteads,hearthfire_service,steward_service,Buy stone from steward,hearthfire,Skyrim,Hearthfire homesteads,,Lakeview Manor | Windstad Manor | Heljarchen Hall,Personal steward assigned; prerequisite exterior option where noted,Personal steward material purchase.,20 for 100 gold,Personal steward,Material procurement for construction.,not_applicable,,,"Service can affect travel, food, income/material logistics, or household defaults.",service_option,SRC-000245 | SRC-000032,SN-000075-hearthfire-construction-service-detail-expansion.md,"Exact route use remains deferred to property recommendation, Survival Mode, and economy passes."
PROPDET-000094,OBJ-000407,All Hearthfire homesteads,hearthfire_service,steward_service,Buy clay from steward,hearthfire,Skyrim,Hearthfire homesteads,,Lakeview Manor | Windstad Manor | Heljarchen Hall,Personal steward assigned; prerequisite exterior option where noted,Personal steward material purchase.,20 for 20 gold,Personal steward,Material procurement for construction.,not_applicable,,,"Service can affect travel, food, income/material logistics, or household defaults.",service_option,SRC-000245 | SRC-000032,SN-000075-hearthfire-construction-service-detail-expansion.md,"Exact route use remains deferred to property recommendation, Survival Mode, and economy passes."
PROPDET-000095,OBJ-000407,All Hearthfire homesteads,hearthfire_service,steward_service,Ask steward for building material shops,hearthfire,Skyrim,Hearthfire homesteads,,Lakeview Manor | Windstad Manor | Heljarchen Hall,Personal steward assigned; prerequisite exterior option where noted,"Steward directs to nearby general goods store for glass, straw, and similar materials.",No direct cost,Personal steward,Material procurement routing; shop differs by homestead.,not_applicable,,,"Service can affect travel, food, income/material logistics, or household defaults.",service_option,SRC-000245 | SRC-000032,SN-000075-hearthfire-construction-service-detail-expansion.md,"Exact route use remains deferred to property recommendation, Survival Mode, and economy passes."
PROPDET-000096,OBJ-000407,All Hearthfire homesteads,hearthfire_construction,warning_deferred,Hearthfire build/furnish bug caution,hearthfire,Skyrim,Hearthfire homesteads,,Lakeview Manor | Windstad Manor | Heljarchen Hall,,Later warning layer must decide exact mitigation,,,UESP advises finishing building/furnishing each part at one time and adding furnishings separately or in small groups to avoid bugs/resource loss.,not_applicable,,,Material weight and overencumbrance are explicitly relevant to construction sessions.,validation_deferred,SRC-000032,SN-000075-hearthfire-construction-service-detail-expansion.md,This row records a downstream warning requirement only; exact PS4 behavior still needs bug-pass validation.
PROPDET-000097,OBJ-000659,Bloodchill Manor,ae_home,ownership_and_feature_summary,Bloodchill Cavern,ae_creation,Skyrim,Winterhold,Winterhold,Bloodchill Cavern | Bloodchill Manor,Complete Guests for Dinner / related quest,Earned by completing related quest,0 gold,,Fully furnished vampire mansion inside a cave; UESP Houses says 26 mannequins. Individual place page lists cave/home storage and crafting features.,source_lists_safe_home_storage,26 mannequins; display/storage audit needed.,Family support needs validation; vampire/non-vampire quest state may affect residents.,Cold-region cave home may be useful only after acquisition route is safe.,source_listed_detail,SRC-000063 | SRC-000064,SN-000076-ae-home-and-farm-detail-expansion.md,"Exact acquisition timing, display checklist, and safe-storage final policy remain deferred."
PROPDET-000098,OBJ-000660,Dead Man's Dread,ae_home,ownership_and_feature_summary,Dead Man's Dread,ae_creation,Skyrim,Blackbone Isle,Solstheim-adjacent,Blackbone Isle Grotto | Dead Man's Dread,Complete The Restless,Converted into player home after quest,0 gold,,"Fully furnished ship home; map inside provides one-way transport to Solitude, Dawnstar, Windhelm, and unlockable Castle Volkihar/Raven Rock destinations after discovery.",source_lists_safe_home_storage,Ship display/storage audit needed.,Has child room in place description; family support validation still deferred.,One-way transport can materially affect Survival Mode routing after acquisition.,source_listed_detail,SRC-000063 | SRC-000065,SN-000076-ae-home-and-farm-detail-expansion.md,"Exact acquisition timing, display checklist, and safe-storage final policy remain deferred."
PROPDET-000099,OBJ-000661,Gallows Hall,ae_home,ownership_and_feature_summary,Gallows Hall,ae_creation,Skyrim,Eastmarch,Eastmarch,North of Mara's Eye Pond | Gallows Hall,Complete Dreams of the Dead / related quest,Earned by completing related quest,0 gold,,"Fully furnished necromancer home; includes Bone Forge, Altar of the Revenant, sleep bed/coffin, cooking pot, anvil, workbench, grindstone, tanning rack, alchemy lab, arcane enchanter, storage, and display furniture.",source_lists_safe_home_storage,4 mannequins; 3 weapon plaques; display cases; necromancy-system audit.,Family support not listed in source summary and requires validation before route use.,Eastmarch home/crafting base with necromancy-system implications.,source_listed_detail,SRC-000063 | SRC-000066,SN-000076-ae-home-and-farm-detail-expansion.md,"Exact acquisition timing, display checklist, and safe-storage final policy remain deferred."
PROPDET-000100,OBJ-000664,Hendraheim,ae_home,ownership_and_feature_summary,Hendraheim,ae_creation,Skyrim,The Reach,The Reach,North of Bilegulch Mine | Hendraheim,Complete Hendraheim / related quest,Earned by completing related quest,0 gold,,Fully furnished Nordic hall; exterior smithing features and extensive armory/display interior described by place page.,source_lists_safe_home_storage,17 mannequins; weapon racks; display cases; dedicated collection display audit needed.,Spouse and adopted children can be moved into property per Houses summary.,Reach mountain home may have travel/cold planning value after acquisition.,source_listed_detail,SRC-000063 | SRC-000068,SN-000076-ae-home-and-farm-detail-expansion.md,"Exact acquisition timing, display checklist, and safe-storage final policy remain deferred."
PROPDET-000101,OBJ-000665,Myrwatch,ae_home,ownership_and_feature_summary,Myrwatch,ae_creation,Skyrim,Hjaalmarch,Hjaalmarch,East of Morthal | Myrwatch,Complete/enter Myrwatch related quest,Earned by completing related quest,0 gold,,"Fully furnished mage tower; extensive storage and crafting stations including smelting pot, grindstone, tanning rack, workbench, alchemy lab, arcane enchanter, cooking pot, staff enchanter, and All Forge.",source_lists_safe_home_storage,13 mannequins; gallery/display audit needed.,Spouse and adopted children can be moved into property per Houses summary.,"Strong early crafting/storage value, but exact start trigger and difficulty need later validation.",source_listed_detail,SRC-000063 | SRC-000069,SN-000076-ae-home-and-farm-detail-expansion.md,"Exact acquisition timing, display checklist, and safe-storage final policy remain deferred."
PROPDET-000102,OBJ-000666,Nchuanthumz,ae_home,ownership_and_feature_summary,Nchuanthumz,ae_creation,Skyrim,Eastmarch,Eastmarch,Frostroot Cave | Nchuanthumz,Complete The Sanctuary and the Manufactory,Earned by completing related quest,0 gold,,"Dwarven ruin player home; fully repaired state has many amenities, six beds, trophy bases, fertile soil, smithy, kitchen with oven, and broad crafting facilities.",source_lists_safe_home_storage,7 mannequins; large/small trophy bases; display audit needed.,Six beds listed; exact spouse/child support needs validation.,Remote cave home with crafting and food-production implications after quest completion.,source_listed_detail,SRC-000063 | SRC-000070,SN-000076-ae-home-and-farm-detail-expansion.md,"Exact acquisition timing, display checklist, and safe-storage final policy remain deferred."
PROPDET-000103,OBJ-000667,Shadowfoot Sanctum,ae_home,ownership_and_feature_summary,Shadowfoot Sanctum,ae_creation,Skyrim,The Rift,The Rift,Ratway beneath Riften | Shadowfoot Sanctum,Purchase through related quest/source,Purchased from Vekel the Man,"7,500 gold",,"Fully furnished sewer home; extensive storage, shrines, smelter, anvil, grindstone, tanning rack, workbench, alchemy lab, arcane enchanter, cooking pot, and oven.",source_lists_safe_home_storage,19 mannequins; thief-home display/storage audit needed.,Spouse and adopted children can be moved into property per Houses summary.,Two entrances and Riften/Ratway access are relevant to Survival Mode and Thieves Guild routing.,source_listed_detail,SRC-000063 | SRC-000071,SN-000076-ae-home-and-farm-detail-expansion.md,"Exact acquisition timing, display checklist, and safe-storage final policy remain deferred."
PROPDET-000104,OBJ-000668,Tundra Homestead,ae_home,ownership_and_feature_summary,Tundra Homestead,ae_creation,Skyrim,Whiterun Hold,Whiterun Hold,East of Whiterun | Tundra Homestead,Read Homestead For Sale / purchase from Whiterun steward,Purchased from Proventus Avenicci or Brill,"7,500 gold",,"Fully furnished cottage; extensive basement storage, shrines, smelter, anvil, grindstone, tanning rack, workbench, alchemy lab, arcane enchanter, cooking pot, baking surface, garden, and apiaries.",source_lists_safe_home_storage,10 mannequins; basement/display audit needed.,Spouse and adopted children can be moved into property per Houses summary.,Central Whiterun-region home has high Survival Mode storage/rest value after purchase.,source_listed_detail,SRC-000063 | SRC-000072,SN-000076-ae-home-and-farm-detail-expansion.md,"Exact acquisition timing, display checklist, and safe-storage final policy remain deferred."
PROPDET-000105,OBJ-000662,Goldenhills Plantation,ae_farm,ownership_summary,Goldenhills Plantation ownership and farm summary,ae_creation,Skyrim,Whiterun Hold,Whiterun Hold,East of Rorikstead | Goldenhills Plantation,Complete The Unquiet Dead,Claim farm after related quest,0 gold purchase,Personal steward can run farm after setup.,"Farm can be expanded for crops and livestock; UESP Houses notes 38 fertile soil plots, 44 after upgrading, farm profit from steward, and respawning Pantry Cupboard output.",source_lists_safe_home_storage,Library/display room tradeoff; farm display audit needed.,Can be run by follower steward or spouse; household and child-room policy deferred.,"Major food, income, and regional restock point after setup.",source_listed_detail,SRC-000063 | SRC-000067 | SRC-000075,SN-000076-ae-home-and-farm-detail-expansion.md,The Unquiet Dead bug mitigation remains in later start-trigger/bug passes.
PROPDET-000106,OBJ-000663,Goldenhills Plantation,ae_farm_service,farmhouse_furnishing_upgrade,Kitchen furnishings,ae_creation,Skyrim,Whiterun Hold,Whiterun Hold,Goldenhills Plantation,Goldenhills steward hired,Order from Goldenhills personal steward,750 gold,Goldenhills personal steward,Interior steward furnishing option.,needs_validation_later,,,"Farmhouse upgrades affect crafting, storage, family, and food/income logistics.",service_option,SRC-000063 | SRC-000245,SN-000076-ae-home-and-farm-detail-expansion.md,TB-031D uses Tundra Homestead as family base; Goldenhills child-room versus display-room implementation remains TB-031G/TB-035 validation.
PROPDET-000107,OBJ-000663,Goldenhills Plantation,ae_farm_service,farmhouse_furnishing_upgrade,Dining area,ae_creation,Skyrim,Whiterun Hold,Whiterun Hold,Goldenhills Plantation,Goldenhills steward hired,Order from Goldenhills personal steward,500 gold,Goldenhills personal steward,Interior steward furnishing option.,needs_validation_later,,,"Farmhouse upgrades affect crafting, storage, family, and food/income logistics.",service_option,SRC-000063 | SRC-000245,SN-000076-ae-home-and-farm-detail-expansion.md,TB-031D uses Tundra Homestead as family base; Goldenhills child-room versus display-room implementation remains TB-031G/TB-035 validation.
PROPDET-000108,OBJ-000663,Goldenhills Plantation,ae_farm_service,farmhouse_furnishing_upgrade,Alchemy and enchanting lab,ae_creation,Skyrim,Whiterun Hold,Whiterun Hold,Goldenhills Plantation,Goldenhills steward hired,Order from Goldenhills personal steward,1000 gold,Goldenhills personal steward,Interior steward furnishing option adding crafting support.,needs_validation_later,,,"Farmhouse upgrades affect crafting, storage, family, and food/income logistics.",service_option,SRC-000063 | SRC-000245,SN-000076-ae-home-and-farm-detail-expansion.md,TB-031D uses Tundra Homestead as family base; Goldenhills child-room versus display-room implementation remains TB-031G/TB-035 validation.
PROPDET-000109,OBJ-000663,Goldenhills Plantation,ae_farm_service,farmhouse_furnishing_upgrade,Loft,ae_creation,Skyrim,Whiterun Hold,Whiterun Hold,Goldenhills Plantation,Goldenhills steward hired,Order from Goldenhills personal steward,500 gold,Goldenhills personal steward,Interior steward furnishing option.,needs_validation_later,,,"Farmhouse upgrades affect crafting, storage, family, and food/income logistics.",service_option,SRC-000063 | SRC-000245,SN-000076-ae-home-and-farm-detail-expansion.md,TB-031D uses Tundra Homestead as family base; Goldenhills child-room versus display-room implementation remains TB-031G/TB-035 validation.
PROPDET-000110,OBJ-000663,Goldenhills Plantation,ae_farm_service,farmhouse_furnishing_upgrade,Master Bedroom,ae_creation,Skyrim,Whiterun Hold,Whiterun Hold,Goldenhills Plantation,Goldenhills steward hired,Order from Goldenhills personal steward,750 gold,Goldenhills personal steward,Interior steward furnishing option.,needs_validation_later,,,"Farmhouse upgrades affect crafting, storage, family, and food/income logistics.",service_option,SRC-000063 | SRC-000245,SN-000076-ae-home-and-farm-detail-expansion.md,TB-031D uses Tundra Homestead as family base; Goldenhills child-room versus display-room implementation remains TB-031G/TB-035 validation.
PROPDET-000111,OBJ-000663,Goldenhills Plantation,ae_farm_service,farmhouse_furnishing_upgrade,Child's Bedroom,ae_creation,Skyrim,Whiterun Hold,Whiterun Hold,Goldenhills Plantation,Goldenhills steward hired,Order from Goldenhills personal steward,500 gold,Goldenhills personal steward,"Interior steward furnishing option exclusive with Library and display room; can switch from Library/Display Room to Child's Bedroom, but not back.",needs_validation_later,,Child bedroom affects family support.,"Farmhouse upgrades affect crafting, storage, family, and food/income logistics.",mutually_exclusive_upgrade,SRC-000063 | SRC-000245,SN-000076-ae-home-and-farm-detail-expansion.md,TB-031D uses Tundra Homestead as family base; Goldenhills child-room versus display-room implementation remains TB-031G/TB-035 validation.
PROPDET-000112,OBJ-000663,Goldenhills Plantation,ae_farm_service,farmhouse_furnishing_upgrade,Library and display room,ae_creation,Skyrim,Whiterun Hold,Whiterun Hold,Goldenhills Plantation,Goldenhills steward hired,Order from Goldenhills personal steward,750 gold,Goldenhills personal steward,Interior steward furnishing option exclusive with Child's Bedroom.,needs_validation_later,Library/display room has display relevance.,,"Farmhouse upgrades affect crafting, storage, family, and food/income logistics.",mutually_exclusive_upgrade,SRC-000063 | SRC-000245,SN-000076-ae-home-and-farm-detail-expansion.md,TB-031D uses Tundra Homestead as family base; Goldenhills child-room versus display-room implementation remains TB-031G/TB-035 validation.
PROPDET-000113,OBJ-000663,Goldenhills Plantation,ae_farm,farm_exterior_construction,Animal Pens,ae_creation,Skyrim,Whiterun Hold,Whiterun Hold,Goldenhills Plantation,A Farmer's Life For Me farm setup; Farmer's Workbench available,Build at Farmer's Workbench,"3 Firewood, Nails",Self-built farm construction,"Builds animal pens; allows cows, goats, and chickens to be purchased for the farm.",needs_validation_later,,,"Farm exterior construction affects food, materials, transport, income, or crafting logistics.",material_planning_row,SRC-000074,SN-000076-ae-home-and-farm-detail-expansion.md,"Farming Construction total materials: 4 Iron Ingot, 21 Firewood, 2 Hinge, Lock, 3 Iron Fittings, 12 Quarried Stone, 7 Nails, 5 Straw."
PROPDET-000114,OBJ-000663,Goldenhills Plantation,ae_farm,farm_exterior_construction,Apiary,ae_creation,Skyrim,Whiterun Hold,Whiterun Hold,Goldenhills Plantation,A Farmer's Life For Me farm setup; Farmer's Workbench available,Build at Farmer's Workbench,"2 Firewood, Nails, 2 Straw",Self-built farm construction,"Builds two apiaries that produce bees, honeycomb, and honey.",needs_validation_later,,,"Farm exterior construction affects food, materials, transport, income, or crafting logistics.",material_planning_row,SRC-000074,SN-000076-ae-home-and-farm-detail-expansion.md,"Farming Construction total materials: 4 Iron Ingot, 21 Firewood, 2 Hinge, Lock, 3 Iron Fittings, 12 Quarried Stone, 7 Nails, 5 Straw."
PROPDET-000115,OBJ-000663,Goldenhills Plantation,ae_farm,farm_exterior_construction,Blacksmithing Workshop,ae_creation,Skyrim,Whiterun Hold,Whiterun Hold,Goldenhills Plantation,A Farmer's Life For Me farm setup; Farmer's Workbench available,Build at Farmer's Workbench,"4 Iron Ingot, 2 Firewood, Hinge, Iron Fittings, 2 Quarried Stone",Self-built farm construction,"Builds anvil, grindstone, armor workbench, tanning rack, and smelter.",needs_validation_later,,,"Farm exterior construction affects food, materials, transport, income, or crafting logistics.",material_planning_row,SRC-000074,SN-000076-ae-home-and-farm-detail-expansion.md,"Farming Construction total materials: 4 Iron Ingot, 21 Firewood, 2 Hinge, Lock, 3 Iron Fittings, 12 Quarried Stone, 7 Nails, 5 Straw."
PROPDET-000116,OBJ-000663,Goldenhills Plantation,ae_farm,farm_exterior_construction,Exterior Decoration,ae_creation,Skyrim,Whiterun Hold,Whiterun Hold,Goldenhills Plantation,A Farmer's Life For Me farm setup; Farmer's Workbench available,Build at Farmer's Workbench,"2 Firewood, 3 Quarried Stone",Self-built farm construction,"Builds well, planter boxes, exterior furniture, and farmhouse decorations.",needs_validation_later,,,"Farm exterior construction affects food, materials, transport, income, or crafting logistics.",material_planning_row,SRC-000074,SN-000076-ae-home-and-farm-detail-expansion.md,"Farming Construction total materials: 4 Iron Ingot, 21 Firewood, 2 Hinge, Lock, 3 Iron Fittings, 12 Quarried Stone, 7 Nails, 5 Straw."
PROPDET-000117,OBJ-000663,Goldenhills Plantation,ae_farm,farm_exterior_construction,Farmhand Bunkhouse,ae_creation,Skyrim,Whiterun Hold,Whiterun Hold,Goldenhills Plantation,A Farmer's Life For Me farm setup; Farmer's Workbench available,Build at Farmer's Workbench,"5 Firewood, 2 Nails, Hinge, Lock, 5 Quarried Stone, 3 Straw",Self-built farm construction,Builds cottage for hired help and increases farm productivity.,needs_validation_later,,Farmhand Bunkhouse affects staffing productivity.,"Farm exterior construction affects food, materials, transport, income, or crafting logistics.",material_planning_row,SRC-000074,SN-000076-ae-home-and-farm-detail-expansion.md,"Farming Construction total materials: 4 Iron Ingot, 21 Firewood, 2 Hinge, Lock, 3 Iron Fittings, 12 Quarried Stone, 7 Nails, 5 Straw."
PROPDET-000118,OBJ-000663,Goldenhills Plantation,ae_farm,farm_exterior_construction,Stable,ae_creation,Skyrim,Whiterun Hold,Whiterun Hold,Goldenhills Plantation,A Farmer's Life For Me farm setup; Farmer's Workbench available,Build at Farmer's Workbench,"5 Firewood, 3 Nails",Self-built farm construction,Builds stable and allows a horse to be purchased for the farm.,needs_validation_later,,,"Farm exterior construction affects food, materials, transport, income, or crafting logistics.",material_planning_row,SRC-000074,SN-000076-ae-home-and-farm-detail-expansion.md,"Farming Construction total materials: 4 Iron Ingot, 21 Firewood, 2 Hinge, Lock, 3 Iron Fittings, 12 Quarried Stone, 7 Nails, 5 Straw."
PROPDET-000119,OBJ-000663,Goldenhills Plantation,ae_farm,farm_exterior_construction,Windmill,ae_creation,Skyrim,Whiterun Hold,Whiterun Hold,Goldenhills Plantation,A Farmer's Life For Me farm setup; Farmer's Workbench available,Build at Farmer's Workbench,"2 Firewood, 2 Iron Fittings, 2 Quarried Stone",Self-built farm construction,Upgrades silo into windmill and adds grain mill for wheat into flour or straw.,needs_validation_later,,,"Farm exterior construction affects food, materials, transport, income, or crafting logistics.",material_planning_row,SRC-000074,SN-000076-ae-home-and-farm-detail-expansion.md,"Farming Construction total materials: 4 Iron Ingot, 21 Firewood, 2 Hinge, Lock, 3 Iron Fittings, 12 Quarried Stone, 7 Nails, 5 Straw."
PROPDET-000120,OBJ-001951,Goldenhills Plantation,ae_farm_service,farm_operation,Hire two farmhands through steward,ae_creation,Skyrim,Whiterun Hold,Whiterun Hold,Goldenhills Plantation,Goldenhills Plantation claimed and farm setup progressed as required,Goldenhills steward can hire two farmhands.,500 gold,Goldenhills steward/overseer where applicable,Farm labor and productivity; candidate choice lives in NPC option table.,not_applicable,,,"Goldenhills operations can support food, income, horse travel, and regional resupply.",service_option,SRC-000075 | SRC-000245,SN-000076-ae-home-and-farm-detail-expansion.md,TB-031D chooses farm staffing defaults; TB-031E chooses crop policy and TB-031F bounds repeatable income/pantry behavior.
PROPDET-000121,OBJ-001954,Goldenhills Plantation,ae_farm_service,farm_operation,Buy Goldenhills horse,ae_creation,Skyrim,Whiterun Hold,Whiterun Hold,Goldenhills Plantation,Goldenhills Plantation claimed and farm setup progressed as required,Goldenhills steward can buy a horse.,1000 gold,Goldenhills steward/overseer where applicable,Travel value and stable service.,not_applicable,,,"Goldenhills operations can support food, income, horse travel, and regional resupply.",service_option,SRC-000075 | SRC-000245,SN-000076-ae-home-and-farm-detail-expansion.md,TB-031D chooses farm staffing defaults; TB-031E chooses crop policy and TB-031F bounds repeatable income/pantry behavior.
PROPDET-000122,OBJ-000663,Goldenhills Plantation,ae_farm_service,farm_operation,Buy Goldenhills cow,ae_creation,Skyrim,Whiterun Hold,Whiterun Hold,Goldenhills Plantation,Goldenhills Plantation claimed and farm setup progressed as required,Goldenhills steward can buy a cow.,300 gold,Goldenhills steward/overseer where applicable,Farm production.,not_applicable,,,"Goldenhills operations can support food, income, horse travel, and regional resupply.",service_option,SRC-000075 | SRC-000245,SN-000076-ae-home-and-farm-detail-expansion.md,TB-031D chooses farm staffing defaults; TB-031E chooses crop policy and TB-031F bounds repeatable income/pantry behavior.
PROPDET-000123,OBJ-000663,Goldenhills Plantation,ae_farm_service,farm_operation,Buy Goldenhills goats,ae_creation,Skyrim,Whiterun Hold,Whiterun Hold,Goldenhills Plantation,Goldenhills Plantation claimed and farm setup progressed as required,Goldenhills steward can buy two goats.,200 gold,Goldenhills steward/overseer where applicable,Farm production.,not_applicable,,,"Goldenhills operations can support food, income, horse travel, and regional resupply.",service_option,SRC-000075 | SRC-000245,SN-000076-ae-home-and-farm-detail-expansion.md,TB-031D chooses farm staffing defaults; TB-031E chooses crop policy and TB-031F bounds repeatable income/pantry behavior.
PROPDET-000124,OBJ-000663,Goldenhills Plantation,ae_farm_service,farm_operation,Buy Goldenhills chickens,ae_creation,Skyrim,Whiterun Hold,Whiterun Hold,Goldenhills Plantation,Goldenhills Plantation claimed and farm setup progressed as required,Goldenhills steward can buy three chickens.,100 gold,Goldenhills steward/overseer where applicable,Farm production.,not_applicable,,,"Goldenhills operations can support food, income, horse travel, and regional resupply.",service_option,SRC-000075 | SRC-000245,SN-000076-ae-home-and-farm-detail-expansion.md,TB-031D chooses farm staffing defaults; TB-031E chooses crop policy and TB-031F bounds repeatable income/pantry behavior.
PROPDET-000125,OBJ-000663,Goldenhills Plantation,ae_farm_service,farm_operation,Plant 10 crops,ae_creation,Skyrim,Whiterun Hold,Whiterun Hold,Goldenhills Plantation,Goldenhills Plantation claimed and farm setup progressed as required,A Farmer's Life For Me requires planting 10 crops.,Any plantable food or ingredient,Goldenhills steward/overseer where applicable,Initial farm setup and later pantry output.,not_applicable,,,"Goldenhills operations can support food, income, horse travel, and regional resupply.",service_option,SRC-000075 | SRC-000245,SN-000076-ae-home-and-farm-detail-expansion.md,TB-031D chooses farm staffing defaults; TB-031E chooses crop policy and TB-031F bounds repeatable income/pantry behavior.
PROPDET-000126,OBJ-000663,Goldenhills Plantation,ae_farm_service,farm_operation,Collect farm income,ae_creation,Skyrim,Whiterun Hold,Whiterun Hold,Goldenhills Plantation,Goldenhills Plantation claimed and farm setup progressed as required,A Farmer's Life For Me includes waiting for the farm to start making money and collecting daily profit.,"Wait a few days, then collect from overseer/steward",Goldenhills steward/overseer where applicable,Income loop; route should bound or appendix-repeat this later.,not_applicable,,,"Goldenhills operations can support food, income, horse travel, and regional resupply.",validation_deferred,SRC-000075 | SRC-000245,SN-000076-ae-home-and-farm-detail-expansion.md,TB-031D chooses farm staffing defaults; TB-031E chooses crop policy and TB-031F bounds repeatable income/pantry behavior.
PROPDET-000127,OBJ-000663,Goldenhills Plantation,ae_farm_service,farm_operation,Collect pantry harvest,ae_creation,Skyrim,Whiterun Hold,Whiterun Hold,Goldenhills Plantation,Goldenhills Plantation claimed and farm setup progressed as required,A Farmer's Life For Me sends player to collect extra harvested produce from the pantry.,Pantry Cupboard output over time,Goldenhills steward/overseer where applicable,Food/restock value for Survival Mode.,source_lists_storage_output,,,"Goldenhills operations can support food, income, horse travel, and regional resupply.",validation_deferred,SRC-000075 | SRC-000245,SN-000076-ae-home-and-farm-detail-expansion.md,TB-031D chooses farm staffing defaults; TB-031E chooses crop policy and TB-031F bounds repeatable income/pantry behavior.
