row_kind,row_id,objective_id,checklist_id,display_name,checklist_entry,category,subcategory,checklist_tab,mapping_type,route_placement,source_content,item_member_rows,item_member_names,item_member_route_treatments,guide_name_match,coverage_source,internal_coverage_row_count,acquire_treatment,use_or_turn_in_treatment,storage_treatment,hold_or_stage_treatment,route_resolution_treatment,exclusion_treatment,branch_treatment,audit_status,coverage_statuses,completion_statuses,guide_locations,guide_cues,recommended_action,notes
collectible_objective,OBJ-001171,OBJ-001171,,Jiub's Opus,,book_document,quest_book_title,,,main_route,dawnguard,0,,,Y,objective,1,Y,Y,N,Y,N,N,N,collectible_objective_covered,placed_in_guide,complete,Dawnguard Worldspaces,Jiubs Opus Page 1 taken,none,
collectible_objective,OBJ-001172,OBJ-001172,,Jiub's Opus,,book_document,quest_book_title,,,main_route,dawnguard,0,,,Y,objective,1,Y,Y,N,Y,N,N,N,collectible_objective_covered,placed_in_guide,complete,Dawnguard Worldspaces,Jiubs Opus Page 10 taken,none,
collectible_objective,OBJ-001173,OBJ-001173,,Jiub's Opus,,book_document,quest_book_title,,,main_route,dawnguard,0,,,Y,objective,1,Y,Y,N,Y,N,N,N,collectible_objective_covered,placed_in_guide,complete,Dawnguard Worldspaces,Jiubs Opus Page 2 taken,none,
collectible_objective,OBJ-001174,OBJ-001174,,Jiub's Opus,,book_document,quest_book_title,,,main_route,dawnguard,0,,,Y,objective,1,Y,Y,N,Y,N,N,N,collectible_objective_covered,placed_in_guide,complete,Dawnguard Worldspaces,Jiubs Opus Page 3 taken,none,
collectible_objective,OBJ-001175,OBJ-001175,,Jiub's Opus,,book_document,quest_book_title,,,main_route,dawnguard,0,,,Y,objective,1,Y,Y,N,Y,N,N,N,collectible_objective_covered,placed_in_guide,complete,Dawnguard Worldspaces,Jiubs Opus Page 4 taken,none,
collectible_objective,OBJ-001176,OBJ-001176,,Jiub's Opus,,book_document,quest_book_title,,,main_route,dawnguard,0,,,Y,objective,1,Y,Y,N,Y,N,N,N,collectible_objective_covered,placed_in_guide,complete,Dawnguard Worldspaces,Jiubs Opus Page 5 taken,none,
collectible_objective,OBJ-001177,OBJ-001177,,Jiub's Opus,,book_document,quest_book_title,,,main_route,dawnguard,0,,,Y,objective,1,Y,Y,N,Y,N,N,N,collectible_objective_covered,placed_in_guide,complete,Dawnguard Worldspaces,Jiubs Opus Page 6 taken,none,
collectible_objective,OBJ-001178,OBJ-001178,,Jiub's Opus,,book_document,quest_book_title,,,main_route,dawnguard,0,,,Y,objective,1,Y,Y,N,Y,N,N,N,collectible_objective_covered,placed_in_guide,complete,Dawnguard Worldspaces,Jiubs Opus Page 7 taken,none,
collectible_objective,OBJ-001179,OBJ-001179,,Jiub's Opus,,book_document,quest_book_title,,,main_route,dawnguard,0,,,Y,objective,1,Y,Y,N,Y,N,N,N,collectible_objective_covered,placed_in_guide,complete,Dawnguard Worldspaces,Jiubs Opus Page 8 taken,none,
collectible_objective,OBJ-001180,OBJ-001180,,Jiub's Opus,,book_document,quest_book_title,,,main_route,dawnguard,0,,,Y,objective,1,Y,Y,N,Y,N,N,N,collectible_objective_covered,placed_in_guide,complete,Dawnguard Worldspaces,Jiubs Opus Page 9 taken,none,
collectible_objective,OBJ-001591,OBJ-001591,,Ahzidal,,unique_item,artifact_dragon_priest_mask,,,main_route,dragonborn,0,,,Y,objective,1,Y,Y,Y,Y,N,N,Y,collectible_objective_covered,placed_in_guide,complete,Kolbjorn Excavation And Raven Rock West,Ahzidal mask acquired from Ahzidal,none,
collectible_objective,OBJ-001592,OBJ-001592,,Dukaan,,unique_item,artifact_dragon_priest_mask,,,main_route,dragonborn,0,,,Y,objective,3,Y,Y,Y,Y,N,N,Y,collectible_objective_covered,held_for_later | placed_in_guide,complete | held_for_lost_knowledge | held_for_white_ridge_route,"Fahlbtharz, Deathbrand, And Karstaag | Miraak Finale, Lost Knowledge, And Last Black Books | Tel Mithryn, Nchardak, And Kagrumez",Dukaan mask acquired at White Ridge Sanctum | Dukaan not acquired | Dukaan waits for White Ridge route,none,
collectible_objective,OBJ-001593,OBJ-001593,,Hevnoraak,,unique_item,artifact_dragon_priest_mask,,,main_route,base_game,0,,,Y,objective,1,Y,Y,Y,Y,N,N,Y,collectible_objective_covered,duplicate_covered_by_existing_route,complete,Retrospective redistributed regional sections; no player-facing Location Counter Sweep dump,Hevnoraak defeated and mask preserved,none,
collectible_objective,OBJ-001594,OBJ-001594,,Konahrik,,unique_item,artifact_dragon_priest_mask,,,main_route,base_game,0,,,Y,objective,1,Y,Y,Y,Y,N,N,Y,collectible_objective_covered,placed_in_guide,complete,Collectible Reconciliation,Konahrik acquired at Bromjunaar Sanctuary,none,
collectible_objective,OBJ-001595,OBJ-001595,,Krosis,,unique_item,artifact_dragon_priest_mask,,,main_route,base_game,0,,,Y,objective,1,Y,Y,Y,Y,N,N,Y,collectible_objective_covered,duplicate_covered_by_existing_route,complete,Retrospective redistributed regional sections; no player-facing Location Counter Sweep dump,Krosis defeated and mask preserved,none,
collectible_objective,OBJ-001596,OBJ-001596,,Miraak,,unique_item,artifact_dragon_priest_mask,,,main_route,dragonborn,0,,,Y,objective,1,Y,Y,Y,Y,N,N,Y,collectible_objective_covered,placed_in_guide,complete,"Miraak Finale, Lost Knowledge, And Last Black Books",Miraak mask acquired from level 60 Miraak,none,
collectible_objective,OBJ-001597,OBJ-001597,,Morokei,,unique_item,artifact_dragon_priest_mask,,,main_route,base_game,0,,,Y,objective,1,Y,Y,Y,Y,N,N,Y,collectible_objective_covered,placed_in_guide,complete,Labyrinthian And The Eye Of Magnus,Morokei acquired,none,
collectible_objective,OBJ-001598,OBJ-001598,,Nahkriin,,unique_item,artifact_dragon_priest_mask,,,main_route,base_game,0,,,Y,objective,1,Y,Y,Y,Y,N,N,Y,collectible_objective_covered,placed_in_guide,complete,World-Eater's Eyrie and Dragonslayer,Nahkriin acquired and preserved,none,
collectible_objective,OBJ-001599,OBJ-001599,,Otar,,unique_item,artifact_dragon_priest_mask,,,main_route,base_game,0,,,Y,objective,1,Y,Y,Y,Y,N,N,Y,collectible_objective_covered,duplicate_covered_by_existing_route,complete,Retrospective redistributed regional sections; no player-facing Location Counter Sweep dump,Otar defeated and mask preserved,none,
collectible_objective,OBJ-001600,OBJ-001600,,Rahgot,,unique_item,artifact_dragon_priest_mask,,,main_route,base_game,0,,,Y,objective,1,Y,Y,Y,Y,N,N,Y,collectible_objective_covered,duplicate_covered_by_existing_route,complete,Retrospective redistributed regional sections; no player-facing Location Counter Sweep dump,Rahgot defeated and mask preserved,none,
collectible_objective,OBJ-001601,OBJ-001601,,Vokun,,unique_item,artifact_dragon_priest_mask,,,main_route,base_game,0,,,Y,objective,1,Y,Y,Y,Y,N,N,Y,collectible_objective_covered,placed_in_guide,complete,"Dawnstar, Pale Blade, And Heljarchen",[CHECKLIST: Unique Gear - Vokun acquired],none,
collectible_objective,OBJ-001602,OBJ-001602,,Volsung,,unique_item,artifact_dragon_priest_mask,,,main_route,base_game,0,,,Y,objective,1,Y,Y,Y,Y,N,N,Y,collectible_objective_covered,placed_in_guide,complete,Haafingar Caves Volskygge And Night Hunter,[CHECKLIST: Unique Gear - Volsung acquired],none,
collectible_objective,OBJ-001603,OBJ-001603,,Wooden Mask,,unique_item,artifact_dragon_priest_mask,,,main_route,base_game,0,,,Y,objective,1,Y,Y,Y,Y,N,N,Y,collectible_objective_covered,placed_in_guide,complete,Labyrinthian And The Eye Of Magnus,Wooden Mask acquired,none,
collectible_objective,OBJ-001604,OBJ-001604,,Zahkriisos,,unique_item,artifact_dragon_priest_mask,,,main_route,dragonborn,0,,,Y,objective,1,Y,Y,Y,Y,N,N,Y,collectible_objective_covered,placed_in_guide,complete,"Solstheim Entry, Raven Rock Core, And Frostmoon Rings",Zahkriisos mask acquired and preserved,none,
collectible_objective,OBJ-001721,OBJ-001721,,Locket of Saint Jiub,,unique_item,unique_jewelry,,,main_route,dawnguard,0,,,Y,objective,1,Y,Y,Y,Y,N,N,Y,collectible_objective_covered,placed_in_guide,complete,Dawnguard Worldspaces,Locket of Saint Jiub acquired,none,
collectible_objective,OBJ-001773,OBJ-001773,,Stones of Barenziah,,collectible,stone_of_barenziah_set,,,main_route,base_game,0,,,Y,objective,5,Y,Y,N,Y,N,N,Y,collectible_objective_covered,counter_advanced | tb038r_delayed_task_closed | tracking_continued,complete_or_accounted_for | in_progress | in_progress_proudspire_gate,"Collectible Reconciliation | Companions Finale, Totems, And Beast-Blood Preservation | Fellglow Keep And Good Intentions | TB-038R order and delayed-task repair register | Windhelm Murder Investigation And White Phial",All non-Proudspire Stones acquired | Jorrvaskr Stone of Barenziah acquired | Stone of Barenziah - Fellglow Keep acquired | Stone of Barenziah Palace of the Kings acquired | TB-038R closeout: Collectible Set: Stones of Barenziah,none,
collectible_objective,OBJ-001774,OBJ-001774,,Whiterun,,collectible,stone_of_barenziah_member,,,main_route,base_game,0,,,Y,objective,2,Y,Y,N,Y,N,N,Y,collectible_objective_covered,acquired_now | tb038r_delayed_task_closed,complete_or_accounted_for | in_progress_collectible_member,First Day In Whiterun | TB-038R order and delayed-task repair register,Collectible - Stone of Barenziah: Whiterun Hall of the Dead acquired | TB-038R closeout: Stone of Barenziah: Whiterun,none,
collectible_objective,OBJ-001775,OBJ-001775,,Whiterun,,collectible,stone_of_barenziah_member,,,main_route,base_game,0,,,Y,objective,1,Y,Y,N,N,N,N,N,collectible_objective_covered,placed_in_guide,complete,Guild Restoration And Amulet Of Articulation,Dragonsreach Stone of Barenziah acquired,none,
collectible_objective,OBJ-001776,OBJ-001776,,Whiterun,,collectible,stone_of_barenziah_member,,,main_route,base_game,0,,,Y,objective,2,Y,Y,N,Y,N,N,N,collectible_objective_covered,Jorrvaskr_stone_held_until_prerequisite | placed_in_guide,complete | staged_for_post_glory_jorrvaskr_pass,"Companions Entry | Companions Finale, Totems, And Beast-Blood Preservation",Jorrvaskr Stone of Barenziah acquired | Jorrvaskr Stone of Barenziah later,none,
collectible_objective,OBJ-001777,OBJ-001777,,Solitude,,collectible,stone_of_barenziah_member,,,main_route,base_game,0,,,Y,objective,1,Y,N,N,N,N,N,N,collectible_objective_covered,acquired_now,complete,Goldenglow Honningbrew Solitude And Snow Veil,Collectible - Stone of Barenziah Blue Palace acquired,none,
collectible_objective,OBJ-001778,OBJ-001778,,Solitude,,collectible,stone_of_barenziah_member,,,main_route,base_game,0,,,Y,objective,3,Y,Y,N,Y,N,N,N,collectible_objective_covered,collectible_member_completed | dependency_unlocked_not_acquired | staged_for_later_gate,complete | staged_for_property_economy_route | staged_for_proudspire_purchase,Collectible Reconciliation | Homes Household Services Pets And Mounts | Solitude Coast Wild Horse And Wolfskull,Proudspire Stone later | Proudspire Stone of Barenziah taken,none,
collectible_objective,OBJ-001779,OBJ-001779,,Riften,,collectible,stone_of_barenziah_member,,,main_route,base_game,0,,,Y,objective,1,Y,N,N,N,N,N,N,collectible_objective_covered,acquired_now,complete,First Riften Visit And Guild Doorway,Collectible - Stone of Barenziah Riften acquired,none,
collectible_objective,OBJ-001780,OBJ-001780,,Windhelm,,collectible,stone_of_barenziah_member,,,main_route,base_game,0,,,Y,objective,1,Y,Y,N,N,N,N,N,collectible_objective_covered,placed_in_guide,complete,Windhelm Murder Investigation And White Phial,[CHECKLIST: Collectible - Stone of Barenziah: Palace of the Kings acquired],none,
collectible_objective,OBJ-001781,OBJ-001781,,Windhelm,,collectible,stone_of_barenziah_member,,,main_route,base_game,0,,,Y,objective,2,Y,Y,N,Y,N,N,N,collectible_objective_covered,not_completed_here | placed_in_guide,complete | staged_for_dark_brotherhood_mourning_never_comes_bundle,First Brotherhood Contracts And Muiri's Revenge | Windhelm Murder Investigation And White Phial,House of Clan Shatter-Shield stone later | [CHECKLIST: Stone of Barenziah - House of Clan Shatter-Shield acquired],none,
collectible_objective,OBJ-001782,OBJ-001782,,Markarth,,collectible,stone_of_barenziah_member,,,main_route,base_game,0,,,Y,objective,2,Y,Y,N,Y,N,N,N,collectible_objective_covered,acquired_now | audited_not_acquired_here,complete | staged_for_forsworn_conspiracy_thonar_visit,Markarth Nchuand-Zel And Old Hroldan | Markarth Prison Daedric Rites And Reach Redoubts,Collectible - Stone of Barenziah Markarth Treasury House acquired | Stone of Barenziah Markarth Treasury House later,none,
collectible_objective,OBJ-001783,OBJ-001783,,Markarth,,collectible,stone_of_barenziah_member,,,main_route,base_game,0,,,Y,objective,1,Y,Y,N,N,N,N,N,collectible_objective_covered,acquired_now,complete,Markarth Nchuand-Zel And Old Hroldan,Collectible - Stone of Barenziah Markarth Dwemer Museum acquired,none,
collectible_objective,OBJ-001784,OBJ-001784,,College of Winterhold,,collectible,stone_of_barenziah_member,,,main_route,base_game,0,,,Y,objective,1,Y,Y,N,N,N,N,N,collectible_objective_covered,placed_in_guide,complete,"Winterhold, College Entry, And Saarthal",[CHECKLIST: Stone of Barenziah - College of Winterhold acquired],none,
collectible_objective,OBJ-001785,OBJ-001785,,Dead Crone Rock,,collectible,stone_of_barenziah_member,,,main_route,base_game,0,,,Y,objective,1,Y,N,N,N,N,N,N,collectible_objective_covered,retrospectively_confirmed_complete,complete,"Dawnstar, Vaermina, and Cold-Weather Setup",Dead Crone Rock Stone of Barenziah acquired,none,
collectible_objective,OBJ-001786,OBJ-001786,,Black-Briar Lodge,,collectible,stone_of_barenziah_member,,,main_route,base_game,0,,,Y,objective,1,Y,N,N,N,N,N,N,collectible_objective_covered,acquired_now,complete,Riften Thaneship Frost And Rift Roads,Collectible - Stone of Barenziah: Black-Briar Lodge acquired,none,
collectible_objective,OBJ-001787,OBJ-001787,,Ansilvund,,collectible,stone_of_barenziah_member,,,main_route,base_game,0,,,Y,objective,1,Y,Y,N,N,N,N,N,collectible_objective_covered,placed_in_guide,complete,Windhelm Follow-Up And Eastmarch Roads,[CHECKLIST: Collectible - Stone of Barenziah: Ansilvund acquired],none,
collectible_objective,OBJ-001788,OBJ-001788,,Stony Creek Cave,,collectible,stone_of_barenziah_member,,,main_route,base_game,0,,,Y,objective,2,Y,Y,N,Y,N,N,N,collectible_objective_covered,not_routed_here | placed_in_guide,complete | staged_for_bards_and_collectible_bundle,Bards College Lost Library And Instrument Roads | Windhelm Follow-Up And Eastmarch Roads,Stony Creek Stone later | [CHECKLIST: Stone of Barenziah - Stony Creek Cave],none,
collectible_objective,OBJ-001789,OBJ-001789,,Rannveig's Fast,,collectible,stone_of_barenziah_member,,,main_route,base_game,0,,,Y,objective,1,Y,N,N,N,N,N,N,collectible_objective_covered,retrospectively_confirmed_complete,complete,"Dawnstar, Pale Blade, and Heljarchen",Rannveig's Fast Stone of Barenziah acquired,none,
collectible_objective,OBJ-001790,OBJ-001790,,Fellglow Keep,,collectible,stone_of_barenziah_member,,,main_route,base_game,0,,,Y,objective,1,Y,Y,N,N,N,N,N,collectible_objective_covered,placed_in_guide,complete,Fellglow Keep And Good Intentions,[CHECKLIST: Stone of Barenziah - Fellglow Keep acquired],none,
collectible_objective,OBJ-001791,OBJ-001791,,Dainty Sload,,collectible,stone_of_barenziah_member,,,main_route,base_game,0,,,Y,objective,2,Y,Y,N,Y,N,N,N,collectible_objective_covered,not_acquired_here | placed_in_guide,complete | staged_for_dainty_sload_bundle,"Solitude Coast Wild Horse And Wolfskull | Whispers, Solitude Jobs, And The Wedding Assassination",Dainty Sload Stone later | [CHECKLIST: Stone of Barenziah - Dainty Sload acquired],none,
collectible_objective,OBJ-001792,OBJ-001792,,Sunderstone Gorge,,collectible,stone_of_barenziah_member,,,main_route,base_game,0,,,Y,objective,1,Y,Y,N,N,N,N,N,collectible_objective_covered,retrospectively_confirmed_complete,complete,Guardian Stones Cache and Whiterun Farm Loop,Sunderstone Gorge Stone of Barenziah acquired,none,
collectible_objective,OBJ-001793,OBJ-001793,,Yngvild,,collectible,stone_of_barenziah_member,,,main_route,base_game,0,,,Y,objective,1,Y,Y,N,N,N,N,N,collectible_objective_covered,placed_in_guide,complete,"Dawnstar, Pale Blade, And Heljarchen",[CHECKLIST: Stone of Barenziah - Yngvild acquired],none,
collectible_objective,OBJ-001794,OBJ-001794,,Hob's Fall Cave,,collectible,stone_of_barenziah_member,,,main_route,base_game,0,,,Y,objective,1,Y,Y,N,N,N,N,N,collectible_objective_covered,placed_in_guide,complete,Bards College Lost Library And Instrument Roads,[CHECKLIST: Stone of Barenziah - Hob's Fall Cave],none,
collectible_objective,OBJ-001795,OBJ-001795,,Reeking Cave or Thalmor Embassy,,collectible,stone_of_barenziah_member,,,main_route,base_game,0,,,Y,objective,1,Y,Y,N,N,N,N,N,collectible_objective_covered,placed_in_guide,complete,Main Quest Staging Before Sky Haven,[CHECKLIST: Collectible - Stone of Barenziah: Reeking Cave acquired],none,
collectible_objective,OBJ-001796,OBJ-001796,,Pinewatch Bandit's Sanctuary,,collectible,stone_of_barenziah_member,,,main_route,base_game,0,,,Y,objective,2,Y,Y,N,Y,N,N,Y,collectible_objective_covered,acquired_now | tb038r_delayed_task_closed,complete_or_accounted_for | in_progress_collectible_member,Southern Warm Corridor | TB-038R order and delayed-task repair register,Collectible - Stone of Barenziah: Pinewatch acquired | TB-038R closeout: Stone of Barenziah: Pinewatch Bandit's Sanctuary,none,
collectible_objective,OBJ-001797,OBJ-001797,,Dark Brotherhood Sanctuary,,collectible,stone_of_barenziah_member,,,main_route,base_game,0,,,Y,objective,1,Y,Y,N,Y,N,N,N,collectible_objective_covered,placed_in_guide,complete,Cicero Aventus And The Sanctuary Door,[CHECKLIST: Stone of Barenziah - Dark Brotherhood Sanctuary acquired],none,
collectible_objective,OBJ-001798,OBJ-001798,,Crimson Nirnroot Samples,,collectible,crimson_nirnroot_count_set,,,main_route,base_game,0,,,Y,objective,1,Y,Y,N,Y,N,N,N,collectible_objective_covered,placed_in_guide,complete,Blades Research Blackreach And The Fallen,More than thirty Crimson Nirnroot samples collected,none,
collectible_objective,OBJ-001799,OBJ-001799,,Dragon Priest Masks,,collectible,dragon_priest_mask_set,,,main_route,multiple,0,,,Y,objective,2,Y,Y,Y,N,N,N,N,collectible_objective_covered,completed_in_guide | tracking_continued,complete | in_progress,Collectible Reconciliation | World-Eater's Eyrie and Dragonslayer,Konahrik and base mask set completed | Nahkriin acquired and preserved,none,
collectible_objective,OBJ-001800,OBJ-001800,,Dragon Claws,,collectible,dragon_claw_set,,,main_route,multiple,0,,,Y,objective,3,Y,Y,Y,N,N,N,N,collectible_objective_covered,completed_in_guide | progressed | tracking_continued,complete_acquisition_set | in_progress,Bleak Falls Barrow And First Dragon | Collectible Reconciliation | World-Eater's Eyrie and Dragonslayer,Collectible - Golden Claw acquired | Diamond Claw acquired and preserved | Dragon claw acquisition set confirmed,none,
collectible_objective,OBJ-001801,OBJ-001801,,"Amethyst Claw, Left Half",,collectible,dragon_claw_member,,,main_route,base_game,0,,,Y,objective,1,Y,Y,N,N,N,N,N,collectible_objective_covered,placed_in_guide,complete,"Vahlok's Tomb, Riekling Roads, And Thirsk",Amethyst Claw Left Half acquired in Vahlok's Tomb,none,
collectible_objective,OBJ-001802,OBJ-001802,,"Amethyst Claw, Right Half",,collectible,dragon_claw_member,,,main_route,base_game,0,,,Y,objective,1,Y,Y,N,N,N,N,N,collectible_objective_covered,placed_in_guide,complete,"Vahlok's Tomb, Riekling Roads, And Thirsk",Amethyst Claw Right Half acquired in Vahlok's Tomb,none,
collectible_objective,OBJ-001803,OBJ-001803,,Coral Dragon Claw,,collectible,dragon_claw_member,,,main_route,base_game,0,,,Y,objective,1,Y,Y,N,N,N,N,N,collectible_objective_covered,placed_in_guide,complete,"Winterhold, College Entry, And Saarthal",[CHECKLIST: Dragon Claw - Coral Dragon Claw acquired],none,
collectible_objective,OBJ-001804,OBJ-001804,,Diamond Claw,,collectible,dragon_claw_member,,,main_route,base_game,0,,,Y,objective,1,Y,Y,Y,N,N,N,N,collectible_objective_covered,placed_in_guide,complete,World-Eater's Eyrie and Dragonslayer,Diamond Claw acquired and preserved,none,
collectible_objective,OBJ-001805,OBJ-001805,,Ebony Claw,,collectible,dragon_claw_member,,,main_route,base_game,0,,,Y,objective,1,Y,Y,N,N,N,N,N,collectible_objective_covered,placed_in_guide,complete,Imperial Civil War,Ebony Claw acquired,none,
collectible_objective,OBJ-001806,OBJ-001806,,Emerald Dragon Claw,,collectible,dragon_claw_member,,,main_route,base_game,0,,,Y,objective,1,Y,Y,N,N,N,N,N,collectible_objective_covered,placed_in_guide,complete,Gauldur Legend Finale,Emerald Dragon Claw acquired,none,
collectible_objective,OBJ-001807,OBJ-001807,,Glass Claw,,collectible,dragon_claw_member,,,main_route,base_game,0,,,Y,objective,1,Y,N,N,N,N,N,N,collectible_objective_covered,retrospectively_confirmed_complete,complete,Collectible Reconciliation,Glass Claw acquired in Forelhost,none,
collectible_objective,OBJ-001808,OBJ-001808,,Golden Claw,,collectible,dragon_claw_member,,,main_route,base_game,0,,,Y,objective,1,Y,Y,N,Y,N,N,N,collectible_objective_covered,acquired_then_returned,complete_for_member_acquisition,Bleak Falls Barrow And First Dragon,Collectible - Golden Claw acquired,none,
collectible_objective,OBJ-001809,OBJ-001809,,Iron Claw,,collectible,dragon_claw_member,,,main_route,base_game,0,,,Y,objective,1,Y,N,N,Y,N,N,N,collectible_objective_covered,retrospectively_confirmed_complete,complete,Collectible Reconciliation,Iron Claw acquired in Valthume,none,
collectible_objective,OBJ-001810,OBJ-001810,,Ivory Dragon Claw,,collectible,dragon_claw_member,,,main_route,base_game,0,,,Y,objective,1,Y,N,N,N,N,N,N,collectible_objective_covered,retrospectively_moved_earlier,complete,Potema Shield Of Solitude And Bone Wolf,[CHECKLIST: Dragon Claw - Ivory Dragon Claw acquired],none,
collectible_objective,OBJ-001811,OBJ-001811,,Ruby Dragon Claw,,collectible,dragon_claw_member,,,main_route,base_game,0,,,Y,objective,1,Y,Y,N,N,N,N,N,collectible_objective_covered,placed_in_guide,complete,Bards College Lost Library And Instrument Roads,[CHECKLIST: Dragon Claw - Ruby Dragon Claw acquired],none,
collectible_objective,OBJ-001812,OBJ-001812,,Sapphire Dragon Claw,,collectible,dragon_claw_member,,,main_route,base_game,0,,,Y,objective,1,Y,Y,N,N,N,N,N,collectible_objective_covered,acquired_now,complete,Southern Warm Corridor,Collectible - Sapphire Dragon Claw acquired,none,
collectible_objective,OBJ-001813,OBJ-001813,,Treasure Maps,,collectible,treasure_map_set,,,main_route,multiple,0,,,Y,objective,3,Y,Y,N,Y,N,N,N,collectible_objective_covered,completed_in_guide | parent_progressed,complete | in_progress,"Collectible Reconciliation | Dawnstar, Pale Blade, And Heljarchen | Guardian Stones Cache And Whiterun Farm Loop",Treasure Maps tracking 1 of 13 | Treasure Maps tracking 13 of 13 | Treasure Maps tracking 5 of 13,none,
collectible_objective,OBJ-001814,OBJ-001814,,Treasure Map I,,collectible,treasure_map_member,,,main_route,base_game,0,,,Y,objective,2,Y,Y,N,Y,N,N,N,collectible_objective_covered,completed_now | held_for_early_local_cleanup,complete | staged_for_early_local_cleanup,Guardian Stones Cache And Whiterun Farm Loop | Helgen Riverwood And First Survival Loop,No player cue | Treasure Map - Treasure Map I acquired; Treasure Map - Treasure Map I cache looted,none,
collectible_objective,OBJ-001815,OBJ-001815,,Treasure Map II,,collectible,treasure_map_member,,,main_route,base_game,0,,,Y,objective,1,Y,Y,N,N,N,N,N,collectible_objective_covered,retrospectively_confirmed_complete,complete,Collectible Reconciliation,Treasure Map II acquired and cache looted,none,
collectible_objective,OBJ-001816,OBJ-001816,,Treasure Map III,,collectible,treasure_map_member,,,main_route,base_game,0,,,Y,objective,3,Y,Y,N,Y,N,N,N,collectible_objective_covered,audited_not_started_here | completed_in_guide | placed_in_guide,complete | partial | staged_for_solitude_coast_bundle,Goldenglow Honningbrew Solitude And Snow Veil | Solitude Coast Wild Horse And Wolfskull | Windhelm Follow-Up And Eastmarch Roads,Treasure Map III later | [CHECKLIST: Treasure Map - Treasure Map III acquired] | [CHECKLIST: Treasure Map - Treasure Map III cache looted],none,
collectible_objective,OBJ-001817,OBJ-001817,,Treasure Map IV,,collectible,treasure_map_member,,,main_route,base_game,0,,,Y,objective,1,Y,Y,N,N,N,N,N,collectible_objective_covered,retrospectively_confirmed_complete,complete,Collectible Reconciliation,Treasure Map IV acquired and cache looted,none,
collectible_objective,OBJ-001818,OBJ-001818,,Treasure Map V,,collectible,treasure_map_member,,,main_route,base_game,0,,,Y,objective,2,Y,Y,N,Y,N,N,N,collectible_objective_covered,audited_not_routed_here | placed_in_guide,complete | staged_for_angi_bundle,Collectible Reconciliation | Southern Warm Corridor,Treasure Map V acquired and cache looted | Treasure Map V later,none,
collectible_objective,OBJ-001819,OBJ-001819,,Treasure Map VI,,collectible,treasure_map_member,,,main_route,base_game,0,,,Y,objective,1,Y,Y,N,N,N,N,N,collectible_objective_covered,completed_in_guide,complete,"Dawnstar, Pale Blade, And Heljarchen",[CHECKLIST: Treasure Map - Treasure Map VI acquired]; [CHECKLIST: Treasure Map - Treasure Map VI cache looted],none,
collectible_objective,OBJ-001820,OBJ-001820,,Treasure Map VII,,collectible,treasure_map_member,,,main_route,base_game,0,,,Y,objective,2,Y,Y,N,Y,N,N,N,collectible_objective_covered,nearby_chest_not_routed | retrospectively_confirmed_complete,complete | staged_for_map_and_chest_pair,Beast Blood And The Silver Hand | Collectible Reconciliation,Treasure Map VII acquired and cache looted | Treasure Map VII later,none,
collectible_objective,OBJ-001821,OBJ-001821,,Treasure Map VIII,,collectible,treasure_map_member,,,main_route,base_game,0,,,Y,objective,2,Y,Y,N,Y,N,N,N,collectible_objective_covered,audited_not_routed_here | retrospectively_confirmed_complete,complete | staged_for_map_source_route,Collectible Reconciliation | Solitude Coast Dragon Bridge Wild Horse And Wolfskull,Treasure Map VIII acquired and cache looted | Treasure Map VIII later,none,
collectible_objective,OBJ-001822,OBJ-001822,,Treasure Map IX,,collectible,treasure_map_member,,,main_route,base_game,0,,,Y,objective,1,Y,Y,N,N,N,N,N,collectible_objective_covered,retrospectively_confirmed_complete,complete,Collectible Reconciliation,Treasure Map IX acquired and cache looted,none,
collectible_objective,OBJ-001823,OBJ-001823,,Treasure Map X,,collectible,treasure_map_member,,,main_route,base_game,0,,,Y,objective,2,Y,Y,N,Y,N,N,N,collectible_objective_covered,completed_in_guide | not_routed_here,complete | staged_for_bards_and_collectible_bundle,Bards College Lost Library And Instrument Roads | Windhelm Follow-Up And Eastmarch Roads,Treasure Map X later | [CHECKLIST: Treasure Map - Treasure Map X acquired]; [CHECKLIST: Treasure Map - Treasure Map X cache looted],none,
collectible_objective,OBJ-001824,OBJ-001824,,Fort Neugrad Treasure Map,,collectible,treasure_map_member,,,main_route,base_game,0,,,Y,objective,1,Y,Y,N,N,N,N,N,collectible_objective_covered,retrospectively_confirmed_complete,complete,Collectible Reconciliation,Fort Neugrad Treasure Map acquired and cache looted,none,
collectible_objective,OBJ-001825,OBJ-001825,,Velehk Sain's Treasure Map,,collectible,treasure_map_member,,,main_route,base_game,0,,,Y,objective,1,Y,Y,N,N,N,N,N,collectible_objective_covered,placed_in_guide,complete,"Winterhold, College Entry, And Saarthal",[CHECKLIST: Treasure Map - Velehk Sain's Treasure Map acquired]; [CHECKLIST: Treasure Map - Velehk Sain's cache looted],none,
collectible_objective,OBJ-001826,OBJ-001826,,Deathbrand Treasure Map,,collectible,treasure_map_member,,,main_route,dragonborn,0,,,Y,objective,1,Y,Y,N,N,N,N,N,collectible_objective_covered,placed_in_guide,complete,"Fahlbtharz, Deathbrand, And Karstaag",Deathbrand Treasure Map acquired from pirate captain,none,
collectible_objective,OBJ-001827,OBJ-001827,,Bugs in a Jar,,collectible,bug_in_jar_set,,,main_route,multiple,0,,,Y,objective,1,Y,N,N,N,N,N,N,collectible_objective_covered,completed_in_guide,complete,Collectible Reconciliation,Bugs in jars set confirmed,none,
collectible_objective,OBJ-001828,OBJ-001828,,Bee in a Jar,,collectible,bug_in_jar_member,,,main_route,base_game,0,,,Y,objective,1,Y,N,N,N,N,N,N,collectible_objective_covered,acquired_now,complete,Goldenglow Honningbrew Solitude And Snow Veil,Collectible - Bee in a Jar acquired,none,
collectible_objective,OBJ-001829,OBJ-001829,,Bliss Bug in a Jar,,collectible,bug_in_jar_member,,,main_route,base_game,0,,,Y,objective,2,Y,Y,N,Y,N,N,N,collectible_objective_covered,not_routed_here | placed_in_guide,complete | staged_for_bards_and_collectible_bundle,Bards College Lost Library And Instrument Roads | Windhelm Follow-Up And Eastmarch Roads,Bliss Bug in a Jar later | [CHECKLIST: Collectible - Bliss Bug in a Jar acquired],none,
collectible_objective,OBJ-001830,OBJ-001830,,Butterfly in a Jar,,collectible,bug_in_jar_member,,,main_route,base_game,0,,,Y,objective,1,Y,Y,N,N,N,N,N,collectible_objective_covered,placed_in_guide,complete,High-Risk AE Routes and Separate Worldspaces,Butterfly in a Jar acquired,none,
collectible_objective,OBJ-001831,OBJ-001831,,Dragonfly in a Jar,,collectible,bug_in_jar_member,,,main_route,base_game,0,,,Y,objective,1,Y,Y,N,N,N,N,N,collectible_objective_covered,retrospectively_confirmed_complete,complete,Collectible Reconciliation,Dragonfly in a Jar acquired,none,
collectible_objective,OBJ-001832,OBJ-001832,,Green Butterfly in a Jar,,collectible,bug_in_jar_member,,,main_route,base_game,0,,,Y,objective,1,Y,Y,N,N,N,N,N,collectible_objective_covered,placed_in_guide,complete,"Saints, Seducers, and Atronach Forge Tomes",Green Butterfly in a Jar acquired in Solitude Sewers,none,
collectible_objective,OBJ-001833,OBJ-001833,,Moth in a Jar,,collectible,bug_in_jar_member,,,main_route,base_game,0,,,Y,objective,1,Y,N,N,N,N,N,N,collectible_objective_covered,retrospectively_confirmed_complete,complete,Collectible Reconciliation,Moth in a Jar acquired,none,
collectible_objective,OBJ-001834,OBJ-001834,,Purple Butterfly in a Jar,,collectible,bug_in_jar_member,,,main_route,base_game,0,,,Y,objective,1,Y,N,N,N,N,N,N,collectible_objective_covered,acquired_now,complete,Goldenglow Honningbrew Solitude And Snow Veil,Collectible - Purple Butterfly in a Jar acquired,none,
collectible_objective,OBJ-001835,OBJ-001835,,Torchbug in a Jar,,collectible,bug_in_jar_member,,,main_route,base_game,0,,,Y,objective,1,Y,Y,N,N,N,N,N,collectible_objective_covered,retrospectively_confirmed_complete,complete,Collectible Reconciliation,Torchbug in a Jar acquired,none,
collectible_objective,OBJ-001836,OBJ-001836,,Jiub's Opus Pages,,collectible,jiub_opus_page_set,,,main_route,dawnguard,0,,,Y,objective,1,Y,Y,N,N,N,N,N,collectible_objective_covered,placed_in_guide,complete,Dawnguard Worldspaces,All ten Jiub pages collected,none,
collectible_objective,OBJ-001837,OBJ-001837,,Aetherium Shards,,collectible,aetherium_shard_set,,,main_route,dawnguard,0,,,Y,objective,4,Y,Y,N,Y,N,N,Y,collectible_objective_covered,advanced_in_guide | completed_in_guide | counter_advanced_to_complete_set,all_four_shards_acquired | complete | in_progress,Arkngthamz And The First Aetherium Shards | College Errands Arniel Septimus And Aetherium | First Brotherhood Contracts And Muiri's Revenge | Mzulft And The Winterhold Crisis,Aetherium Shards 2 of 4 recorded | Aetherium Shards 3 of 4 recorded | Aetherium Shards at 4 of 4 | Aetherium Shards combined at Ruins of Bthalft,none,
collectible_objective,OBJ-001838,OBJ-001838,,Aetherium Shard: Arkngthamz,,collectible,aetherium_shard_member,,,main_route,dawnguard,0,,,Y,objective,1,Y,Y,N,Y,N,N,N,collectible_objective_covered,placed_in_guide,completed_now,Arkngthamz And The First Aetherium Shards,[CHECKLIST: Collectible - Aetherium Shard: Arkngthamz acquired],none,
collectible_objective,OBJ-001839,OBJ-001839,,Aetherium Shard: Deep Folk Crossing,,collectible,aetherium_shard_member,,,main_route,dawnguard,0,,,Y,objective,1,Y,Y,N,Y,N,N,N,collectible_objective_covered,placed_in_guide,completed_now,Arkngthamz And The First Aetherium Shards,[CHECKLIST: Collectible - Aetherium Shard: Deep Folk Crossing acquired],none,
collectible_objective,OBJ-001840,OBJ-001840,,Aetherium Shard: Raldbthar,,collectible,aetherium_shard_member,,,main_route,dawnguard,0,,,Y,objective,2,Y,Y,N,Y,N,N,N,collectible_objective_covered,audited_not_completed_here | placed_in_guide,complete | staged_for_dark_brotherhood_raldbthar_bundle,Arkngthamz And The First Aetherium Shards | First Brotherhood Contracts And Muiri's Revenge,Raldbthar shard later | [CHECKLIST: Aetherium Shard - Raldbthar acquired],none,
collectible_objective,OBJ-001841,OBJ-001841,,Aetherium Shard: Dwarven Storeroom,,collectible,aetherium_shard_member,,,main_route,dawnguard,0,,,Y,objective,2,Y,Y,Y,Y,N,N,N,collectible_objective_covered,audited_not_completed_here | placed_in_guide,complete | staged_for_post_raldbthar_mzulft_bundle,Arkngthamz And The First Aetherium Shards | Mzulft And The Winterhold Crisis,Dwarven Storeroom shard later | [CHECKLIST: Aetherium Shard - Dwarven Storeroom acquired],none,
collectible_objective,OBJ-001842,OBJ-001842,,Paragons,,collectible,paragon_set,,,main_route,dawnguard,0,,,Y,objective,1,Y,Y,N,Y,N,N,N,collectible_objective_covered,placed_in_guide,complete,Dawnguard Worldspaces,All five Paragons acquired and used,none,
collectible_objective,OBJ-001843,OBJ-001843,,Amethyst Paragon,,collectible,paragon_member,,,main_route,dawnguard,0,,,Y,objective,1,Y,Y,N,N,N,N,N,collectible_objective_covered,placed_in_guide,complete,Dawnguard Worldspaces,Amethyst Paragon acquired,none,
collectible_objective,OBJ-001844,OBJ-001844,,Diamond Paragon,,collectible,paragon_member,,,main_route,dawnguard,0,,,Y,objective,1,Y,Y,N,N,N,N,N,collectible_objective_covered,placed_in_guide,complete,Dawnguard Worldspaces,Diamond Paragon acquired,none,
collectible_objective,OBJ-001845,OBJ-001845,,Emerald Paragon,,collectible,paragon_member,,,main_route,dawnguard,0,,,Y,objective,1,Y,Y,N,N,N,N,N,collectible_objective_covered,placed_in_guide,complete,Dawnguard Worldspaces,Emerald Paragon acquired,none,
collectible_objective,OBJ-001846,OBJ-001846,,Ruby Paragon,,collectible,paragon_member,,,main_route,dawnguard,0,,,Y,objective,1,Y,Y,N,N,N,N,N,collectible_objective_covered,placed_in_guide,complete,Dawnguard Worldspaces,Ruby Paragon acquired,none,
collectible_objective,OBJ-001847,OBJ-001847,,Sapphire Paragon,,collectible,paragon_member,,,main_route,dawnguard,0,,,Y,objective,1,Y,Y,N,N,N,N,N,collectible_objective_covered,placed_in_guide,complete,Dawnguard Worldspaces,Sapphire Paragon acquired,none,
collectible_objective,OBJ-001848,OBJ-001848,,Reaper Gem Fragments,,collectible,reaper_gem_fragment_set,,,main_route,dawnguard,0,,,Y,objective,1,Y,Y,N,Y,N,N,N,collectible_objective_covered,placed_in_guide,complete,Dawnguard Worldspaces,Reaper fragments collected and Reaper defeated,none,
collectible_objective,OBJ-001849,OBJ-001849,,Reaper Gem Fragment 1,,collectible,reaper_gem_fragment_member,,,main_route,dawnguard,0,,,Y,objective,1,Y,Y,N,Y,N,N,N,collectible_objective_covered,placed_in_guide,complete,Dawnguard Worldspaces,Reaper Gem Fragment near Arvak taken,none,
collectible_objective,OBJ-001850,OBJ-001850,,Reaper Gem Fragment 2,,collectible,reaper_gem_fragment_member,,,main_route,dawnguard,0,,,Y,objective,1,Y,Y,N,Y,N,N,N,collectible_objective_covered,placed_in_guide,complete,Dawnguard Worldspaces,Reaper Gem Fragment near floating island taken,none,
collectible_objective,OBJ-001851,OBJ-001851,,Reaper Gem Fragment 3,,collectible,reaper_gem_fragment_member,,,main_route,dawnguard,0,,,Y,objective,1,Y,Y,N,Y,N,N,N,collectible_objective_covered,placed_in_guide,complete,Dawnguard Worldspaces,Reaper Gem Fragment at Tabernacle taken,none,
collectible_objective,OBJ-001852,OBJ-001852,,East Empire Company Pendants,,collectible,east_empire_pendant_set,,,main_route,dragonborn,0,,,Y,objective,6,Y,Y,N,Y,N,N,N,collectible_objective_covered,held_for_later | placed_in_guide | progressed_now | tracking_continued,complete | held_for_lost_knowledge | in_progress | in_progress_all_but_benkongerike,"Fahlbtharz, Deathbrand, And Karstaag | Ghosts Of The Tribunal And Trueflame | Kolbjorn Excavation And Raven Rock West | Miraak Finale, Lost Knowledge, And Last Black Books | Solstheim Entry, Raven Rock Core, And Frostmoon Rings | Vahlok's Tomb, Riekling Roads, And Thirsk",East Empire Pendant collection started with Raven Rock strongboxes | Final Benkongerike pendant still waits | Final East Empire Company Pendant sold to Fethis | Five additional East Empire Company Pendants acquired and sold to Fethis | Seven more East Empire Pendants acquired and sold | ... (6 total),none,
collectible_objective,OBJ-001853,OBJ-001853,,East Empire Company Pendant Strongbox 1: Ashfallow Citadel,,collectible,east_empire_pendant_member,,,main_route,dragonborn,0,,,Y,objective,1,Y,Y,N,N,N,N,N,collectible_objective_covered,placed_in_guide,complete,"Solstheim Entry, Raven Rock Core, And Frostmoon Rings",Ashfallow interior pendant strongbox looted,none,
collectible_objective,OBJ-001854,OBJ-001854,,East Empire Company Pendant Strongbox 2: Ashfallow Citadel,,collectible,east_empire_pendant_member,,,main_route,dragonborn,0,,,Y,objective,1,Y,Y,N,N,N,N,N,collectible_objective_covered,placed_in_guide,complete,"Solstheim Entry, Raven Rock Core, And Frostmoon Rings",Ashfallow west camp pendant strongbox looted,none,
collectible_objective,OBJ-001855,OBJ-001855,,East Empire Company Pendant Strongbox 3: Ashfallow Citadel,,collectible,east_empire_pendant_member,,,main_route,dragonborn,0,,,Y,objective,1,Y,Y,N,N,N,N,N,collectible_objective_covered,placed_in_guide,complete,"Solstheim Entry, Raven Rock Core, And Frostmoon Rings",Usha's End Ashfallow pendant strongbox looted,none,
collectible_objective,OBJ-001856,OBJ-001856,,East Empire Company Pendant Strongbox 4: Benkongerike Great Hall,,collectible,east_empire_pendant_member,,,main_route,dragonborn,0,,,Y,objective,4,Y,Y,N,Y,N,N,N,collectible_objective_covered,held_for_later | placed_in_guide,complete | held_for_benkongerike_route | held_for_east_island_loop | held_for_lost_knowledge,"Fahlbtharz, Deathbrand, And Karstaag | Miraak Finale, Lost Knowledge, And Last Black Books | Solstheim Entry, Raven Rock Core, And Frostmoon Rings | Temple Of Miraak, Skaal, And Stalhrim",Benkongerike pendant acquired | Benkongerike pendant later | Benkongerike pendant not collected | Benkongerike pendant waits for Untold Legends,none,
collectible_objective,OBJ-001857,OBJ-001857,,East Empire Company Pendant Strongbox 5: Bristleback Cave,,collectible,east_empire_pendant_member,,,main_route,dragonborn,0,,,Y,objective,2,Y,Y,N,Y,N,N,N,collectible_objective_covered,held_for_later | placed_in_guide,complete | held_for_northern_route,"Solstheim Entry, Raven Rock Core, And Frostmoon Rings | Vahlok's Tomb, Riekling Roads, And Thirsk",Bristleback Cave pendant later | Bristleback Cave pendant strongbox looted,none,
collectible_objective,OBJ-001858,OBJ-001858,,East Empire Company Pendant Strongbox 6: Brodir Grove,,collectible,east_empire_pendant_member,,,main_route,dragonborn,0,,,Y,objective,2,Y,Y,N,Y,N,N,N,collectible_objective_covered,held_for_later | placed_in_guide,complete | held_for_northern_route,"Kolbjorn Excavation And Raven Rock West | Solstheim Entry, Raven Rock Core, And Frostmoon Rings",Brodir Grove pendant later | Brodir Grove pendant strongbox looted,none,
collectible_objective,OBJ-001859,OBJ-001859,,East Empire Company Pendant Strongbox 7: Broken Tusk Mine,,collectible,east_empire_pendant_member,,,main_route,dragonborn,0,,,Y,objective,2,Y,Y,N,Y,N,N,N,collectible_objective_covered,held_for_later | placed_in_guide,complete | held_for_thirsk_region,"Solstheim Entry, Raven Rock Core, And Frostmoon Rings | Vahlok's Tomb, Riekling Roads, And Thirsk",Broken Tusk Mine pendant later | Broken Tusk Mine pendant strongbox looted,none,
collectible_objective,OBJ-001860,OBJ-001860,,East Empire Company Pendant Strongbox 8: Damphall Mine,,collectible,east_empire_pendant_member,,,main_route,dragonborn,0,,,Y,objective,2,Y,Y,N,Y,N,N,N,collectible_objective_covered,held_for_later | placed_in_guide,complete | held_for_northern_route,"Kolbjorn Excavation And Raven Rock West | Solstheim Entry, Raven Rock Core, And Frostmoon Rings",Damphall Mine exterior pendant strongbox looted | Damphall Mine pendant later,none,
collectible_objective,OBJ-001861,OBJ-001861,,East Empire Company Pendant Strongbox 9: Fort Frostmoth,,collectible,east_empire_pendant_member,,,main_route,dragonborn,0,,,Y,objective,1,Y,Y,N,N,N,N,N,collectible_objective_covered,placed_in_guide,complete,"Solstheim Entry, Raven Rock Core, And Frostmoon Rings",Fort Frostmoth pendant strongbox looted,none,
collectible_objective,OBJ-001862,OBJ-001862,,East Empire Company Pendant Strongbox 10: Frossel,,collectible,east_empire_pendant_member,,,main_route,dragonborn,0,,,Y,objective,2,Y,Y,N,Y,N,N,N,collectible_objective_covered,held_for_later | placed_in_guide,complete | held_for_northern_route,"Fahlbtharz, Deathbrand, And Karstaag | Solstheim Entry, Raven Rock Core, And Frostmoon Rings",Frossel cave pendant acquired | Frossel pendant later,none,
collectible_objective,OBJ-001863,OBJ-001863,,East Empire Company Pendant Strongbox 11: Frossel,,collectible,east_empire_pendant_member,,,main_route,dragonborn,0,,,Y,objective,2,Y,Y,N,Y,N,N,N,collectible_objective_covered,held_for_later | placed_in_guide,complete | held_for_northern_route,"Fahlbtharz, Deathbrand, And Karstaag | Solstheim Entry, Raven Rock Core, And Frostmoon Rings",Frossel second pendant later | Giant nirnroot island pendant acquired,none,
collectible_objective,OBJ-001864,OBJ-001864,,East Empire Company Pendant Strongbox 12: Glacial Cave,,collectible,east_empire_pendant_member,,,main_route,dragonborn,0,,,Y,objective,2,Y,Y,N,Y,N,N,N,collectible_objective_covered,held_for_later | placed_in_guide,complete | held_for_northern_route,"Fahlbtharz, Deathbrand, And Karstaag | Solstheim Entry, Raven Rock Core, And Frostmoon Rings",Glacial Cave exterior pendant acquired | Glacial Cave pendant later,none,
collectible_objective,OBJ-001865,OBJ-001865,,East Empire Company Pendant Strongbox 13: Haknir's Shoal,,collectible,east_empire_pendant_member,,,main_route,dragonborn,0,,,Y,objective,2,Y,Y,N,Y,N,N,N,collectible_objective_covered,held_for_later | placed_in_guide,complete | held_for_deathbrand_loop,"Fahlbtharz, Deathbrand, And Karstaag | Solstheim Entry, Raven Rock Core, And Frostmoon Rings",Haknir's Shoal pendant later | Haknir's Shoal tent pendant acquired,none,
collectible_objective,OBJ-001866,OBJ-001866,,East Empire Company Pendant Strongbox 14: Haknir's Shoal,,collectible,east_empire_pendant_member,,,main_route,dragonborn,0,,,Y,objective,2,Y,Y,N,Y,N,N,N,collectible_objective_covered,held_for_later | placed_in_guide,complete | held_for_deathbrand_loop,"Fahlbtharz, Deathbrand, And Karstaag | Solstheim Entry, Raven Rock Core, And Frostmoon Rings",Haknir's Shoal second pendant later | Riekling island north of Haknir pendant acquired,none,
collectible_objective,OBJ-001867,OBJ-001867,,East Empire Company Pendant Strongbox 15: Horker Island,,collectible,east_empire_pendant_member,,,main_route,dragonborn,0,,,Y,objective,3,Y,Y,N,Y,N,N,N,collectible_objective_covered,held_for_later | placed_in_guide,complete | held_for_deathbrand_circuit | held_for_north_coast_loop,"Fahlbtharz, Deathbrand, And Karstaag | Solstheim Entry, Raven Rock Core, And Frostmoon Rings | Vahlok's Tomb, Riekling Roads, And Thirsk",Horker Island pendant later | Horker Island pendant not collected yet | Horker Island underwater pendant acquired,none,
collectible_objective,OBJ-001868,OBJ-001868,,East Empire Company Pendant Strongbox 16: Hrodulf's House,,collectible,east_empire_pendant_member,,,main_route,dragonborn,0,,,Y,objective,2,Y,Y,N,Y,N,N,N,collectible_objective_covered,held_for_later | placed_in_guide,complete | held_for_hrodulf_loop,"Kolbjorn Excavation And Raven Rock West | Solstheim Entry, Raven Rock Core, And Frostmoon Rings",Hrodulf's House pendant later | Hrodulf's House pendant strongbox looted,none,
collectible_objective,OBJ-001869,OBJ-001869,,East Empire Company Pendant Strongbox 17: Hrothmund's Barrow,,collectible,east_empire_pendant_member,,,main_route,dragonborn,0,,,Y,objective,2,Y,Y,N,Y,N,N,N,collectible_objective_covered,held_for_later | placed_in_guide,complete | held_for_thirsk_route,"Solstheim Entry, Raven Rock Core, And Frostmoon Rings | Vahlok's Tomb, Riekling Roads, And Thirsk",Hrothmund's Barrow pendant later | Reaver's End Hrothmund pendant strongbox looted,none,
collectible_objective,OBJ-001870,OBJ-001870,,East Empire Company Pendant Strongbox 18: Moesring Pass,,collectible,east_empire_pendant_member,,,main_route,dragonborn,0,,,Y,objective,2,Y,Y,N,Y,N,N,N,collectible_objective_covered,held_for_later | placed_in_guide,complete | held_for_northern_route,"Solstheim Entry, Raven Rock Core, And Frostmoon Rings | Vahlok's Tomb, Riekling Roads, And Thirsk",Moesring Pass proper pendant later | Moesring Pass proper pendant strongbox looted,none,
collectible_objective,OBJ-001871,OBJ-001871,,East Empire Company Pendant Strongbox 19: Moesring Pass,,collectible,east_empire_pendant_member,,,main_route,dragonborn,0,,,Y,objective,1,Y,Y,N,N,N,N,N,collectible_objective_covered,placed_in_guide,complete,"Solstheim Entry, Raven Rock Core, And Frostmoon Rings",Shrine of Zenithar pendant strongbox near Frostmoon looted,none,
collectible_objective,OBJ-001872,OBJ-001872,,East Empire Company Pendant Strongbox 20: Northshore Landing,,collectible,east_empire_pendant_member,,,main_route,dragonborn,0,,,Y,objective,2,Y,Y,N,Y,N,N,N,collectible_objective_covered,held_for_later | placed_in_guide,complete | held_for_stalhrim_route,"Solstheim Entry, Raven Rock Core, And Frostmoon Rings | Temple Of Miraak, Skaal, And Stalhrim",Northshore Landing pendant later | Northshore Landing pendant strongbox looted,none,
collectible_objective,OBJ-001873,OBJ-001873,,East Empire Company Pendant Strongbox 21: Ramshackle Trading Post,,collectible,east_empire_pendant_member,,,main_route,dragonborn,0,,,Y,objective,2,Y,Y,N,Y,N,N,N,collectible_objective_covered,held_for_later | placed_in_guide,complete | held_for_east_island_loop,"Solstheim Entry, Raven Rock Core, And Frostmoon Rings | Vahlok's Tomb, Riekling Roads, And Thirsk",Ramshackle Trading Post pendant later | Ramshackle Trading Post pendant strongbox looted,none,
collectible_objective,OBJ-001874,OBJ-001874,,East Empire Company Pendant Strongbox 22: Raven Rock Mine,,collectible,east_empire_pendant_member,,,main_route,dragonborn,0,,,Y,objective,1,Y,Y,N,N,N,N,N,collectible_objective_covered,placed_in_guide,complete,"Solstheim Entry, Raven Rock Core, And Frostmoon Rings",Raven Rock Mine loft pendant strongbox looted,none,
collectible_objective,OBJ-001875,OBJ-001875,,East Empire Company Pendant Strongbox 23: Raven Rock Mine,,collectible,east_empire_pendant_member,,,main_route,dragonborn,0,,,Y,objective,1,Y,Y,N,N,N,N,N,collectible_objective_covered,placed_in_guide,complete,"Solstheim Entry, Raven Rock Core, And Frostmoon Rings",Raven Rock Mine lower-depths pendant strongbox looted,none,
collectible_objective,OBJ-001876,OBJ-001876,,East Empire Company Pendant Strongbox 24: Raven Rock Alor House,,collectible,east_empire_pendant_member,,,main_route,dragonborn,0,,,Y,objective,1,Y,Y,N,N,N,N,N,collectible_objective_covered,placed_in_guide,complete,"Solstheim Entry, Raven Rock Core, And Frostmoon Rings",Alor House pendant strongbox looted,none,
collectible_objective,OBJ-001877,OBJ-001877,,East Empire Company Pendant Strongbox 25: Raven Rock Caerellius House,,collectible,east_empire_pendant_member,,,main_route,dragonborn,0,,,Y,objective,1,Y,Y,N,N,N,N,N,collectible_objective_covered,placed_in_guide,complete,"Solstheim Entry, Raven Rock Core, And Frostmoon Rings",Caerellius House pendant strongbox looted,none,
collectible_objective,OBJ-001878,OBJ-001878,,East Empire Company Pendant Strongbox 26: Raven Rock Glover Mallory's House,,collectible,east_empire_pendant_member,,,main_route,dragonborn,0,,,Y,objective,2,Y,Y,N,Y,N,N,N,collectible_objective_covered,held_for_later | placed_in_guide,complete | held_for_paid_in_full,"Fahlbtharz, Deathbrand, And Karstaag | Solstheim Entry, Raven Rock Core, And Frostmoon Rings",Glover Mallory house pendant acquired | Glover Mallory house pendant later,none,
collectible_objective,OBJ-001879,OBJ-001879,,East Empire Company Pendant Strongbox 27: Raven Rock Morvayn Manor Chambers,,collectible,east_empire_pendant_member,,,main_route,dragonborn,0,,,Y,objective,1,Y,Y,N,N,N,N,N,collectible_objective_covered,placed_in_guide,complete,"Solstheim Entry, Raven Rock Core, And Frostmoon Rings",Morvayn Manor Chambers pendant strongbox looted,none,
collectible_objective,OBJ-001880,OBJ-001880,,East Empire Company Pendant Strongbox 28: Raven Rock Northern Maiden,,collectible,east_empire_pendant_member,,,main_route,dragonborn,0,,,Y,objective,1,Y,Y,N,Y,N,N,N,collectible_objective_covered,placed_in_guide,complete,"Solstheim Entry, Raven Rock Core, And Frostmoon Rings",Northern Maiden dock strongbox looted,none,
collectible_objective,OBJ-001881,OBJ-001881,,East Empire Company Pendant Strongbox 29: Raven Rock Temple Ancestral Tomb,,collectible,east_empire_pendant_member,,,main_route,dragonborn,0,,,Y,objective,1,Y,Y,N,N,N,N,N,collectible_objective_covered,placed_in_guide,complete,"Solstheim Entry, Raven Rock Core, And Frostmoon Rings",Temple Ancestral Tomb pendant strongbox looted,none,
collectible_objective,OBJ-001882,OBJ-001882,,East Empire Company Pendant Strongbox 30: Raven Rock The Bulwark,,collectible,east_empire_pendant_member,,,main_route,dragonborn,0,,,Y,objective,1,Y,Y,N,N,N,N,N,collectible_objective_covered,placed_in_guide,complete,"Solstheim Entry, Raven Rock Core, And Frostmoon Rings",Bulwark pendant strongbox looted,none,
collectible_objective,OBJ-001883,OBJ-001883,,East Empire Company Pendant Strongbox 31: Raven Rock The Retching Netch,,collectible,east_empire_pendant_member,,,main_route,dragonborn,0,,,Y,objective,1,Y,Y,N,N,N,N,N,collectible_objective_covered,placed_in_guide,complete,"Solstheim Entry, Raven Rock Core, And Frostmoon Rings",Retching Netch pendant strongbox looted,none,
collectible_objective,OBJ-001884,OBJ-001884,,East Empire Company Pendant Strongbox 32: Vahlok's Tomb,,collectible,east_empire_pendant_member,,,main_route,dragonborn,0,,,Y,objective,2,Y,Y,N,Y,N,N,N,collectible_objective_covered,held_for_later | placed_in_guide,complete | held_for_lost_legacy,"Solstheim Entry, Raven Rock Core, And Frostmoon Rings | Vahlok's Tomb, Riekling Roads, And Thirsk",Dunmeri Camp east of Vahlok pendant strongbox looted | Vahlok's Tomb pendant later,none,
collectible_objective,OBJ-001885,OBJ-001885,,East Empire Company Pendant Strongbox 33: Wreck of the Strident Squall,,collectible,east_empire_pendant_member,,,main_route,dragonborn,0,,,Y,objective,2,Y,Y,N,Y,N,N,N,collectible_objective_covered,held_for_later | placed_in_guide,complete | held_for_first_edition,"Kolbjorn Excavation And Raven Rock West | Solstheim Entry, Raven Rock Core, And Frostmoon Rings",Wreck of the Strident Squall pendant later | Wreck of the Strident Squall pendant strongbox looted,none,
collectible_objective,OBJ-001886,OBJ-001886,,Kagrumez Resonance Gems,,collectible,kagrumez_resonance_gem_set,,,main_route,dragonborn,0,,,Y,objective,2,Y,Y,Y,N,N,N,N,collectible_objective_covered,placed_in_guide,complete_5_of_5 | in_progress_4_of_5,"Fahlbtharz, Deathbrand, And Karstaag | Tel Mithryn, Nchardak, And Kagrumez",All five Kagrumez Resonance Gems now collected | Four Kagrumez Resonance Gems collected and used,none,
collectible_objective,OBJ-001887,OBJ-001887,,Kagrumez Reaver Leader A,,collectible,kagrumez_resonance_gem_member,,,main_route,dragonborn,0,,,Y,objective,1,Y,Y,N,N,N,N,N,collectible_objective_covered,placed_in_guide,complete,"Tel Mithryn, Nchardak, And Kagrumez",First Kagrumez leader resonance gem acquired,none,
collectible_objective,OBJ-001888,OBJ-001888,,Kagrumez Reaver Leader B,,collectible,kagrumez_resonance_gem_member,,,main_route,dragonborn,0,,,Y,objective,1,Y,Y,N,N,N,N,N,collectible_objective_covered,placed_in_guide,complete,"Tel Mithryn, Nchardak, And Kagrumez",Second Kagrumez leader resonance gem acquired,none,
collectible_objective,OBJ-001889,OBJ-001889,,Nchardak Aqueduct,,collectible,kagrumez_resonance_gem_member,,,main_route,dragonborn,0,,,Y,objective,1,Y,Y,N,N,N,N,N,collectible_objective_covered,placed_in_guide,complete,"Tel Mithryn, Nchardak, And Kagrumez",Nchardak Aqueduct resonance gem acquired,none,
collectible_objective,OBJ-001890,OBJ-001890,,Fahlbtharz,,collectible,kagrumez_resonance_gem_member,,,main_route,dragonborn,0,,,Y,objective,2,Y,Y,N,Y,N,N,N,collectible_objective_covered,held_for_later | placed_in_guide,complete | held_for_fahlbtharz_route,"Fahlbtharz, Deathbrand, And Karstaag | Tel Mithryn, Nchardak, And Kagrumez",Fahlbtharz resonance gem not acquired | Fifth Kagrumez Resonance Gem acquired in Fahlbtharz,none,
collectible_objective,OBJ-001891,OBJ-001891,,Revus Sarvani,,collectible,kagrumez_resonance_gem_member,,,main_route,dragonborn,0,,,Y,objective,1,Y,Y,N,N,N,N,N,collectible_objective_covered,placed_in_guide,complete,"Tel Mithryn, Nchardak, And Kagrumez",Revus resonance gem purchased,none,
collectible_objective,OBJ-001892,OBJ-001892,,Black Books,,collectible,black_book_set,,,main_route,dragonborn,0,,,Y,objective,5,Y,Y,N,Y,N,N,N,collectible_objective_covered,confirmed_complete | placed_in_guide | tracking_continued,complete | in_progress,"Books, Spells, and Documents | Kolbjorn Excavation And Raven Rock West | Miraak Finale, Lost Knowledge, And Last Black Books | Solstheim Entry, Raven Rock Core, And Frostmoon Rings | Temple Of Miraak, Skaal, And Stalhrim",All seven Black Books acquired and read | Black Book collection advanced with Filament and Filigree | Black Book collection continues with Waking Dreams | Black Book collection started with The Winds of Change | Seven Black Books confirmed by name,none,
collectible_objective,OBJ-001893,OBJ-001893,,Fishing Species and Special Catches,,collectible,fishing_species_set,,,main_route,ae_creation,0,,,Y,objective,2,Y,N,N,N,Y,N,N,collectible_objective_route_resolution_recorded,needs_route_resolution | needs_route_resolution_reaffirmed,NEEDS ROUTE RESOLUTION | needs_route_resolution,Collectible Reconciliation | Final Reconciliation,Fishing species route unresolved | NEEDS ROUTE RESOLUTION Fishing species set,none_existing_route_resolution,
collectible_objective,OBJ-001894,OBJ-001894,,Angelfish,,collectible,fishing_species_member,,,main_route,ae_creation,0,,,Y,objective,2,Y,N,Y,N,N,N,N,collectible_objective_covered,completed_in_guide | tb044_closed,complete,"Viriya Fishing, Bronze Water, and Wave Breaker",Fishing Catch: Angelfish routed | TB-044 closeout: Fishing Catch: Angelfish,none,
collectible_objective,OBJ-001895,OBJ-001895,,Angler,,collectible,fishing_species_member,,,main_route,ae_creation,0,,,Y,objective,2,Y,N,N,N,N,N,N,collectible_objective_covered,completed_in_guide | tb044_closed,complete,"Viriya Fishing, Bronze Water, and Wave Breaker",Fishing Catch: Angler routed | TB-044 closeout: Fishing Catch: Angler,none,
collectible_objective,OBJ-001896,OBJ-001896,,Angler Larvae,,collectible,fishing_species_member,,,main_route,ae_creation,0,,,Y,objective,2,Y,N,Y,N,Y,N,N,collectible_objective_route_resolution_recorded,completed_in_guide | tb044_closed,complete,"Viriya Fishing, Bronze Water, and Wave Breaker",Fishing Catch: Angler Larvae routed | TB-044 closeout: Fishing Catch: Angler Larvae,none_existing_route_resolution,
collectible_objective,OBJ-001897,OBJ-001897,,Arctic Char,,collectible,fishing_species_member,,,main_route,ae_creation,0,,,Y,objective,2,Y,N,Y,N,Y,N,N,collectible_objective_route_resolution_recorded,completed_in_guide | tb044_closed,complete,"Viriya Fishing, Bronze Water, and Wave Breaker",Fishing Catch: Arctic Char routed | TB-044 closeout: Fishing Catch: Arctic Char,none_existing_route_resolution,
collectible_objective,OBJ-001898,OBJ-001898,,Arctic Grayling,,collectible,fishing_species_member,,,main_route,ae_creation,0,,,Y,objective,2,Y,N,Y,N,Y,N,N,collectible_objective_route_resolution_recorded,completed_in_guide | tb044_closed,complete,"Viriya Fishing, Bronze Water, and Wave Breaker",Fishing Catch: Arctic Grayling routed | TB-044 closeout: Fishing Catch: Arctic Grayling,none_existing_route_resolution,
collectible_objective,OBJ-001899,OBJ-001899,,Brook Bass,,collectible,fishing_species_member,,,main_route,ae_creation,0,,,Y,objective,2,Y,Y,N,Y,N,N,N,collectible_objective_covered,completed_in_guide | species_catch_route_secured,complete_or_accounted_for,"Viriya Fishing, Bronze Water, and Wave Breaker",Brook Bass catch route secured | Brook Bass caught if Stocking Up assigns it,none,
collectible_objective,OBJ-001900,OBJ-001900,,Carp,,collectible,fishing_species_member,,,main_route,ae_creation,0,,,Y,objective,2,Y,N,N,N,Y,N,N,collectible_objective_route_resolution_recorded,completed_in_guide | tb044_closed,complete,"Viriya Fishing, Bronze Water, and Wave Breaker",Fishing Catch: Carp routed | TB-044 closeout: Fishing Catch: Carp,none_existing_route_resolution,
collectible_objective,OBJ-001901,OBJ-001901,,Catfish,,collectible,fishing_species_member,,,main_route,ae_creation,0,,,Y,objective,2,Y,N,N,N,Y,N,N,collectible_objective_route_resolution_recorded,completed_in_guide | tb044_closed,complete,"Viriya Fishing, Bronze Water, and Wave Breaker",Fishing Catch: Catfish routed | TB-044 closeout: Fishing Catch: Catfish,none_existing_route_resolution,
collectible_objective,OBJ-001902,OBJ-001902,,Cod,,collectible,fishing_species_member,,,main_route,ae_creation,0,,,N,objective,2,Y,N,N,N,Y,N,N,collectible_objective_route_resolution_recorded,completed_in_guide | tb044_closed,complete,"Viriya Fishing, Bronze Water, and Wave Breaker",Fishing Catch: Cod routed | TB-044 closeout: Fishing Catch: Cod,none_existing_route_resolution,
collectible_objective,OBJ-001903,OBJ-001903,,Direfish,,collectible,fishing_species_member,,,main_route,ae_creation,0,,,Y,objective,2,Y,N,N,N,Y,N,N,collectible_objective_route_resolution_recorded,completed_in_guide | tb044_closed,complete,"Viriya Fishing, Bronze Water, and Wave Breaker",Fishing Catch: Direfish routed | TB-044 closeout: Fishing Catch: Direfish,none_existing_route_resolution,
collectible_objective,OBJ-001904,OBJ-001904,,Glass Catfish,,collectible,fishing_species_member,,,main_route,ae_creation,0,,,Y,objective,2,Y,N,N,N,Y,N,N,collectible_objective_route_resolution_recorded,completed_in_guide | tb044_closed,complete,"Viriya Fishing, Bronze Water, and Wave Breaker",Fishing Catch: Glass Catfish routed | TB-044 closeout: Fishing Catch: Glass Catfish,none_existing_route_resolution,
collectible_objective,OBJ-001905,OBJ-001905,,Glassfish,,collectible,fishing_species_member,,,main_route,ae_creation,0,,,Y,objective,2,Y,N,Y,N,Y,N,N,collectible_objective_route_resolution_recorded,completed_in_guide | tb044_closed,complete,"Viriya Fishing, Bronze Water, and Wave Breaker",Fishing Catch: Glassfish routed | TB-044 closeout: Fishing Catch: Glassfish,none_existing_route_resolution,
collectible_objective,OBJ-001906,OBJ-001906,,Goldfish,,collectible,fishing_species_member,,,main_route,ae_creation,0,,,Y,objective,2,Y,N,Y,Y,Y,N,N,collectible_objective_route_resolution_recorded,completed_in_guide | tb044_closed,complete,"Viriya Fishing, Bronze Water, and Wave Breaker",Fishing Catch: Goldfish routed | TB-044 closeout: Fishing Catch: Goldfish,none_existing_route_resolution,
collectible_objective,OBJ-001907,OBJ-001907,,Juvenile Mudcrab,,collectible,fishing_species_member,,,main_route,ae_creation,0,,,Y,objective,2,Y,Y,N,Y,Y,N,N,collectible_objective_route_resolution_recorded,needs_route_resolution | needs_route_resolution_reaffirmed,NEEDS ROUTE RESOLUTION | needs_route_resolution,Collectible Reconciliation | Final Reconciliation,Juvenile Mudcrab route unresolved | NEEDS ROUTE RESOLUTION remaining Fishing Catch species rows,none_existing_route_resolution,
collectible_objective,OBJ-001908,OBJ-001908,,Lyretail Anthias,,collectible,fishing_species_member,,,main_route,ae_creation,0,,,Y,objective,2,Y,N,Y,N,N,N,N,collectible_objective_covered,completed_in_guide | tb044_closed,complete,"Viriya Fishing, Bronze Water, and Wave Breaker",Fishing Catch: Lyretail Anthias routed | TB-044 closeout: Fishing Catch: Lyretail Anthias,none,
collectible_objective,OBJ-001909,OBJ-001909,,Pearlfish,,collectible,fishing_species_member,,,main_route,ae_creation,0,,,Y,objective,2,Y,N,N,N,Y,N,N,collectible_objective_route_resolution_recorded,completed_in_guide | tb044_closed,complete,"Viriya Fishing, Bronze Water, and Wave Breaker",Fishing Catch: Pearlfish routed | TB-044 closeout: Fishing Catch: Pearlfish,none_existing_route_resolution,
collectible_objective,OBJ-001910,OBJ-001910,,Pogfish,,collectible,fishing_species_member,,,main_route,ae_creation,0,,,Y,objective,2,Y,N,N,N,Y,N,N,collectible_objective_route_resolution_recorded,completed_in_guide | tb044_closed,complete,"Viriya Fishing, Bronze Water, and Wave Breaker",Fishing Catch: Pogfish routed | TB-044 closeout: Fishing Catch: Pogfish,none_existing_route_resolution,
collectible_objective,OBJ-001911,OBJ-001911,,Pygmy Sunfish,,collectible,fishing_species_member,,,main_route,ae_creation,0,,,Y,objective,2,Y,N,N,N,Y,N,N,collectible_objective_route_resolution_recorded,completed_in_guide | tb044_closed,complete,"Viriya Fishing, Bronze Water, and Wave Breaker",Fishing Catch: Pygmy Sunfish routed | TB-044 closeout: Fishing Catch: Pygmy Sunfish,none_existing_route_resolution,
collectible_objective,OBJ-001912,OBJ-001912,,Scorpion Fish,,collectible,fishing_species_member,,,main_route,ae_creation,0,,,Y,objective,2,Y,N,N,N,N,N,N,collectible_objective_covered,completed_in_guide | tb044_closed,complete,"Viriya Fishing, Bronze Water, and Wave Breaker",Fishing Catch: Scorpion Fish routed | TB-044 closeout: Fishing Catch: Scorpion Fish,none,
collectible_objective,OBJ-001913,OBJ-001913,,Spadefish,,collectible,fishing_species_member,,,main_route,ae_creation,0,,,Y,objective,2,Y,N,N,N,Y,N,N,collectible_objective_route_resolution_recorded,completed_in_guide | tb044_closed,complete,"Viriya Fishing, Bronze Water, and Wave Breaker",Fishing Catch: Spadefish routed | TB-044 closeout: Fishing Catch: Spadefish,none_existing_route_resolution,
collectible_objective,OBJ-001914,OBJ-001914,,Tripod Spiderfish,,collectible,fishing_species_member,,,main_route,ae_creation,0,,,Y,objective,2,Y,N,N,N,Y,N,N,collectible_objective_route_resolution_recorded,completed_in_guide | tb044_closed,complete,"Viriya Fishing, Bronze Water, and Wave Breaker",Fishing Catch: Tripod Spiderfish routed | TB-044 closeout: Fishing Catch: Tripod Spiderfish,none_existing_route_resolution,
collectible_objective,OBJ-001915,OBJ-001915,,Vampire Fish,,collectible,fishing_species_member,,,main_route,ae_creation,0,,,Y,objective,2,Y,N,N,N,Y,N,N,collectible_objective_route_resolution_recorded,completed_in_guide | tb044_closed,complete,"Viriya Fishing, Bronze Water, and Wave Breaker",Fishing Catch: Vampire Fish routed | TB-044 closeout: Fishing Catch: Vampire Fish,none_existing_route_resolution,
collectible_objective,OBJ-001916,OBJ-001916,,Emperor Crab Guardian Spirit,,collectible,fishing_special_catch_member,,,main_route,ae_creation,0,,,Y,objective,2,Y,Y,N,Y,Y,N,N,collectible_objective_route_resolution_recorded,needs_route_resolution | needs_route_resolution_reaffirmed,NEEDS ROUTE RESOLUTION | needs_route_resolution,Collectible Reconciliation | Final Reconciliation,Emperor Crab Guardian Spirit route unresolved | NEEDS ROUTE RESOLUTION remaining Fishing Catch species rows,none_existing_route_resolution,
collectible_objective,OBJ-001917,OBJ-001917,,Fangtusk,,collectible,fishing_special_catch_member,,,main_route,ae_creation,0,,,Y,objective,1,Y,Y,N,Y,Y,N,N,collectible_objective_route_resolution_recorded,needs_route_resolution,NEEDS ROUTE RESOLUTION,Collectible Reconciliation,Fangtusk route unresolved,none_existing_route_resolution,
collectible_objective,OBJ-001918,OBJ-001918,,Snippy,,collectible,fishing_special_catch_member,,,main_route,ae_creation,0,,,Y,objective,2,Y,Y,N,Y,Y,N,N,collectible_objective_route_resolution_recorded,needs_route_resolution | needs_route_resolution_reaffirmed,NEEDS ROUTE RESOLUTION | needs_route_resolution,Collectible Reconciliation | Final Reconciliation,NEEDS ROUTE RESOLUTION remaining Fishing Catch species rows | Snippy route unresolved,none_existing_route_resolution,
collectible_objective,OBJ-002788,OBJ-002788,,Firebrand Wine Case,,collectible,quest_item_checklist_cue,,,main_route,base_game,0,,,Y,objective,1,Y,Y,N,N,N,N,N,collectible_objective_covered,acquired_now,complete,Goldenglow Honningbrew Solitude And Snow Veil,Collectible - Firebrand Wine Case acquired,none,
collectible_objective,OBJ-002789,OBJ-002789,,Map of Dragon Burials,,collectible,quest_item_checklist_cue,,,main_route,base_game,0,,,Y,objective,1,Y,Y,N,N,N,N,N,collectible_objective_covered,placed_in_guide,complete,Main Quest Staging Before Sky Haven,[CHECKLIST: Collectible - Map of Dragon Burials inspected],none,
collectible_checklist,CHK-COLLECTIBLE-ITEMS-2550,OBJ-001828,CHK-COLLECTIBLE-ITEMS-2550,Bee in a Jar,Bee in a Jar,collectible,bug_in_jar_member,Collectible Items,Main-route prototype block,main_route,base_game,0,,,Y,exact_checklist,1,Y,N,N,Y,N,N,N,collectible_checklist_covered,acquired_now,complete,Goldenglow Honningbrew Solitude And Snow Veil,Collectible - Bee in a Jar acquired,none,
collectible_checklist,CHK-COLLECTIBLE-ITEMS-2551,OBJ-001830,CHK-COLLECTIBLE-ITEMS-2551,Butterfly in a Jar,Butterfly in a Jar,collectible,bug_in_jar_member,Collectible Items,Main-route prototype block,main_route,base_game,0,,,Y,exact_checklist,1,Y,Y,N,Y,N,N,N,collectible_checklist_covered,placed_in_guide,complete,High-Risk AE Routes and Separate Worldspaces,Butterfly in a Jar acquired,none,
collectible_checklist,CHK-COLLECTIBLE-ITEMS-2552,OBJ-001831,CHK-COLLECTIBLE-ITEMS-2552,Dragonfly in a Jar,Dragonfly in a Jar,collectible,bug_in_jar_member,Collectible Items,Main-route prototype block,main_route,base_game,0,,,Y,exact_checklist,1,Y,Y,N,Y,N,N,N,collectible_checklist_covered,retrospectively_confirmed_complete,complete,Collectible Reconciliation,Dragonfly in a Jar acquired,none,
collectible_checklist,CHK-COLLECTIBLE-ITEMS-2553,OBJ-001833,CHK-COLLECTIBLE-ITEMS-2553,Moth in a Jar,Moth in a Jar,collectible,bug_in_jar_member,Collectible Items,Main-route prototype block,main_route,base_game,0,,,Y,exact_checklist,1,Y,N,N,Y,N,N,N,collectible_checklist_covered,retrospectively_confirmed_complete,complete,Collectible Reconciliation,Moth in a Jar acquired,none,
collectible_checklist,CHK-COLLECTIBLE-ITEMS-2554,OBJ-001835,CHK-COLLECTIBLE-ITEMS-2554,Torchbug in a Jar,Torchbug in a Jar,collectible,bug_in_jar_member,Collectible Items,Main-route prototype block,main_route,base_game,0,,,Y,exact_checklist,1,Y,Y,N,Y,N,N,N,collectible_checklist_covered,retrospectively_confirmed_complete,complete,Collectible Reconciliation,Torchbug in a Jar acquired,none,
collectible_checklist,CHK-COLLECTIBLE-ITEMS-2555,OBJ-001803,CHK-COLLECTIBLE-ITEMS-2555,Coral Dragon Claw,Coral Dragon Claw,collectible,dragon_claw_member,Collectible Items,Main-route prototype block,main_route,base_game,0,,,Y,exact_checklist,2,Y,Y,N,Y,N,N,N,collectible_checklist_covered,placed_in_guide | redistributed_or_gated,complete | redistributed_or_staged_by_route_gate,"Retrospective redistributed regional sections; no player-facing Location Counter Sweep dump | Winterhold, College Entry, And Saarthal",Coral Dragon Claw redistributed into regional route or gated late | [CHECKLIST: Dragon Claw - Coral Dragon Claw acquired],none,
collectible_checklist,CHK-COLLECTIBLE-ITEMS-2556,OBJ-001804,CHK-COLLECTIBLE-ITEMS-2556,Diamond Claw,Diamond Claw,collectible,dragon_claw_member,Collectible Items,Main-route prototype block,main_route,base_game,0,,,Y,exact_checklist,1,Y,Y,Y,Y,N,N,N,collectible_checklist_covered,placed_in_guide,complete,World-Eater's Eyrie and Dragonslayer,Diamond Claw acquired and preserved,none,
collectible_checklist,CHK-COLLECTIBLE-ITEMS-2557,OBJ-001805,CHK-COLLECTIBLE-ITEMS-2557,Ebony Claw,Ebony Claw,collectible,dragon_claw_member,Collectible Items,Main-route prototype block,main_route,base_game,0,,,Y,exact_checklist,1,Y,Y,N,Y,N,N,N,collectible_checklist_covered,placed_in_guide,complete,Imperial Civil War,Ebony Claw acquired,none,
collectible_checklist,CHK-COLLECTIBLE-ITEMS-2558,OBJ-001806,CHK-COLLECTIBLE-ITEMS-2558,Emerald Dragon Claw,Emerald Dragon Claw,collectible,dragon_claw_member,Collectible Items,Main-route prototype block,main_route,base_game,0,,,Y,exact_checklist,1,Y,Y,N,Y,N,N,N,collectible_checklist_covered,placed_in_guide,complete,Gauldur Legend Finale,Emerald Dragon Claw acquired,none,
collectible_checklist,CHK-COLLECTIBLE-ITEMS-2559,OBJ-001807,CHK-COLLECTIBLE-ITEMS-2559,Glass Claw,Glass Claw,collectible,dragon_claw_member,Collectible Items,Main-route prototype block,main_route,base_game,0,,,Y,exact_checklist,2,Y,Y,N,Y,N,N,N,collectible_checklist_covered,redistributed_or_gated | retrospectively_confirmed_complete,complete | redistributed_or_staged_by_route_gate,Collectible Reconciliation | Retrospective redistributed regional sections; no player-facing Location Counter Sweep dump,Glass Claw acquired in Forelhost | Glass Claw redistributed into regional route or gated late,none,
collectible_checklist,CHK-COLLECTIBLE-ITEMS-2560,OBJ-000206,CHK-COLLECTIBLE-ITEMS-2560,Golden Claw,Golden Claw,quest,town_side_quest,Collectible Items,Main-route prototype block,main_route,base_game,0,,,Y,mapped_objective,2,Y,Y,N,Y,N,N,N,collectible_checklist_covered,completed_now | started_now,active_for_mr004_completion | complete,Bleak Falls Barrow And First Dragon | Helgen Riverwood And First Survival Loop,Quest - The Golden Claw; Collectible - Golden Claw acquired | The Golden Claw started,none,
collectible_checklist,CHK-COLLECTIBLE-ITEMS-2561,OBJ-001809,CHK-COLLECTIBLE-ITEMS-2561,Iron Claw,Iron Claw,collectible,dragon_claw_member,Collectible Items,Main-route prototype block,main_route,base_game,0,,,Y,exact_checklist,2,Y,Y,N,Y,N,N,N,collectible_checklist_covered,redistributed_or_gated | retrospectively_confirmed_complete,complete | redistributed_or_staged_by_route_gate,Collectible Reconciliation | Retrospective redistributed regional sections; no player-facing Location Counter Sweep dump,Iron Claw acquired in Valthume | Iron Claw redistributed into regional route or gated late,none,
collectible_checklist,CHK-COLLECTIBLE-ITEMS-2562,OBJ-001810,CHK-COLLECTIBLE-ITEMS-2562,Ivory Dragon Claw,Ivory Dragon Claw,collectible,dragon_claw_member,Collectible Items,Main-route prototype block,main_route,base_game,0,,,Y,exact_checklist,1,Y,N,N,Y,N,N,N,collectible_checklist_covered,retrospectively_moved_earlier,complete,Potema Shield Of Solitude And Bone Wolf,[CHECKLIST: Dragon Claw - Ivory Dragon Claw acquired],none,
collectible_checklist,CHK-COLLECTIBLE-ITEMS-2563,OBJ-001811,CHK-COLLECTIBLE-ITEMS-2563,Ruby Dragon Claw,Ruby Dragon Claw,collectible,dragon_claw_member,Collectible Items,Main-route prototype block,main_route,base_game,0,,,Y,exact_checklist,1,Y,Y,N,Y,N,N,N,collectible_checklist_covered,placed_in_guide,complete,Bards College Lost Library And Instrument Roads,[CHECKLIST: Dragon Claw - Ruby Dragon Claw acquired],none,
collectible_checklist,CHK-COLLECTIBLE-ITEMS-2564,OBJ-001812,CHK-COLLECTIBLE-ITEMS-2564,Sapphire Dragon Claw,Sapphire Dragon Claw,collectible,dragon_claw_member,Collectible Items,Main-route prototype block,main_route,base_game,0,,,Y,exact_checklist,1,Y,N,N,Y,N,N,N,collectible_checklist_covered,acquired_now,complete,Southern Warm Corridor,Collectible - Sapphire Dragon Claw acquired,none,
collectible_checklist,CHK-COLLECTIBLE-ITEMS-2565,OBJ-001814,CHK-COLLECTIBLE-ITEMS-2565,I,Treasure Map I,collectible,treasure_map_member,Collectible Items,Main-route prototype block,main_route,base_game,0,,,Y,mapped_objective,2,Y,Y,N,Y,N,N,N,collectible_checklist_covered,completed_now | held_for_early_local_cleanup,complete | staged_for_early_local_cleanup,Guardian Stones Cache And Whiterun Farm Loop | Helgen Riverwood And First Survival Loop,No player cue | Treasure Map - Treasure Map I acquired; Treasure Map - Treasure Map I cache looted,none,
collectible_checklist,CHK-COLLECTIBLE-ITEMS-2566,OBJ-001815,CHK-COLLECTIBLE-ITEMS-2566,II,Treasure Map II,collectible,treasure_map_member,Collectible Items,Main-route prototype block,main_route,base_game,0,,,Y,exact_checklist,1,Y,Y,N,Y,N,N,N,collectible_checklist_covered,retrospectively_confirmed_complete,complete,Collectible Reconciliation,Treasure Map II acquired and cache looted,none,
collectible_checklist,CHK-COLLECTIBLE-ITEMS-2567,OBJ-001816,CHK-COLLECTIBLE-ITEMS-2567,III,Treasure Map III,collectible,treasure_map_member,Collectible Items,Main-route prototype block,main_route,base_game,0,,,Y,exact_checklist,3,Y,Y,N,Y,N,N,N,collectible_checklist_covered,completed_in_guide | not_started_here | progressed_in_guide,complete | partial_map_acquired_chest_later | staged_for_solitude_coast_bundle,Goldenglow Honningbrew Solitude And Snow Veil | Solitude Coast Wild Horse And Wolfskull | Windhelm Follow-Up And Eastmarch Roads,Treasure Map III later | [CHECKLIST: Treasure Map - Treasure Map III acquired] | [CHECKLIST: Treasure Map - Treasure Map III cache looted],none,
collectible_checklist,CHK-COLLECTIBLE-ITEMS-2568,OBJ-001817,CHK-COLLECTIBLE-ITEMS-2568,IV,Treasure Map IV,collectible,treasure_map_member,Collectible Items,Main-route prototype block,main_route,base_game,0,,,Y,exact_checklist,1,Y,Y,N,Y,N,N,N,collectible_checklist_covered,retrospectively_confirmed_complete,complete,Collectible Reconciliation,Treasure Map IV acquired and cache looted,none,
collectible_checklist,CHK-COLLECTIBLE-ITEMS-2569,OBJ-001818,CHK-COLLECTIBLE-ITEMS-2569,V,Treasure Map V,collectible,treasure_map_member,Collectible Items,Main-route prototype block,main_route,base_game,0,,,Y,exact_checklist,1,Y,Y,N,Y,N,N,N,collectible_checklist_covered,placed_in_guide,complete,Collectible Reconciliation,Treasure Map V acquired and cache looted,none,
collectible_checklist,CHK-COLLECTIBLE-ITEMS-2570,OBJ-001819,CHK-COLLECTIBLE-ITEMS-2570,VI,Treasure Map VI,collectible,treasure_map_member,Collectible Items,Main-route prototype block,main_route,base_game,0,,,Y,exact_checklist,1,Y,Y,N,Y,N,N,N,collectible_checklist_covered,completed_in_guide,complete,"Dawnstar, Pale Blade, And Heljarchen",[CHECKLIST: Treasure Map - Treasure Map VI acquired]; [CHECKLIST: Treasure Map - Treasure Map VI cache looted],none,
collectible_checklist,CHK-COLLECTIBLE-ITEMS-2571,OBJ-001820,CHK-COLLECTIBLE-ITEMS-2571,VII,Treasure Map VII,collectible,treasure_map_member,Collectible Items,Main-route prototype block,main_route,base_game,0,,,Y,exact_checklist,1,Y,Y,N,Y,N,N,N,collectible_checklist_covered,retrospectively_confirmed_complete,complete,Collectible Reconciliation,Treasure Map VII acquired and cache looted,none,
collectible_checklist,CHK-COLLECTIBLE-ITEMS-2572,OBJ-001821,CHK-COLLECTIBLE-ITEMS-2572,VIII,Treasure Map VIII,collectible,treasure_map_member,Collectible Items,Main-route prototype block,main_route,base_game,0,,,Y,exact_checklist,1,Y,Y,N,Y,N,N,N,collectible_checklist_covered,retrospectively_confirmed_complete,complete,Collectible Reconciliation,Treasure Map VIII acquired and cache looted,none,
collectible_checklist,CHK-COLLECTIBLE-ITEMS-2573,OBJ-001822,CHK-COLLECTIBLE-ITEMS-2573,IX,Treasure Map IX,collectible,treasure_map_member,Collectible Items,Main-route prototype block,main_route,base_game,0,,,Y,exact_checklist,1,Y,Y,N,Y,N,N,N,collectible_checklist_covered,retrospectively_confirmed_complete,complete,Collectible Reconciliation,Treasure Map IX acquired and cache looted,none,
collectible_checklist,CHK-COLLECTIBLE-ITEMS-2574,OBJ-001823,CHK-COLLECTIBLE-ITEMS-2574,X,Treasure Map X,collectible,treasure_map_member,Collectible Items,Main-route prototype block,main_route,base_game,0,,,Y,exact_checklist,1,Y,Y,N,Y,N,N,N,collectible_checklist_covered,completed_in_guide,complete,Bards College Lost Library And Instrument Roads,[CHECKLIST: Treasure Map - Treasure Map X acquired]; [CHECKLIST: Treasure Map - Treasure Map X cache looted],none,
collectible_checklist,CHK-COLLECTIBLE-ITEMS-2575,OBJ-001824,CHK-COLLECTIBLE-ITEMS-2575,Fort Neugrad Treasure Map,Fort Neugrad Treasure Map,collectible,treasure_map_member,Collectible Items,Main-route prototype block,main_route,base_game,0,,,Y,exact_checklist,1,Y,Y,N,Y,N,N,N,collectible_checklist_covered,retrospectively_confirmed_complete,complete,Collectible Reconciliation,Fort Neugrad Treasure Map acquired and cache looted,none,
collectible_checklist,CHK-COLLECTIBLE-ITEMS-2576,OBJ-001825,CHK-COLLECTIBLE-ITEMS-2576,Velehk Sain's Treasure Map,Velehk Sain's Treasure Map,collectible,treasure_map_member,Collectible Items,Main-route prototype block,main_route,base_game,0,,,Y,exact_checklist,1,Y,Y,N,Y,N,N,N,collectible_checklist_covered,placed_in_guide,complete,"Winterhold, College Entry, And Saarthal",[CHECKLIST: Treasure Map - Velehk Sain's Treasure Map acquired],none,
collectible_checklist,CHK-COLLECTIBLE-ITEMS-2577,OBJ-000435,CHK-COLLECTIBLE-ITEMS-2577,"Amethyst Claw, Left Half","Amethyst Claw, Left Half (DB)",quest,dragonborn_skaal_side_quest,Collectible Items,Main-route prototype block,main_route,dragonborn,0,,,Y,exact_checklist,2,Y,Y,N,Y,N,N,N,collectible_checklist_covered,placed_in_guide | staged_for_next_section,complete | staged_for_next_section,"Temple Of Miraak, Skaal, And Stalhrim | Vahlok's Tomb, Riekling Roads, And Thirsk",Amethyst Claw Left Half acquired in Vahlok's Tomb | Lost Legacy started but Vahlok Tomb not yet routed,none,
collectible_checklist,CHK-COLLECTIBLE-ITEMS-2578,OBJ-000435,CHK-COLLECTIBLE-ITEMS-2578,"Amethyst Claw, Right Half","Amethyst Claw, Right Half (DB)",quest,dragonborn_skaal_side_quest,Collectible Items,Main-route prototype block,main_route,dragonborn,0,,,Y,exact_checklist,2,Y,Y,N,Y,N,N,N,collectible_checklist_covered,placed_in_guide | staged_for_next_section,complete | staged_for_next_section,"Temple Of Miraak, Skaal, And Stalhrim | Vahlok's Tomb, Riekling Roads, And Thirsk",Amethyst Claw Right Half acquired in Vahlok's Tomb | Lost Legacy started but Vahlok Tomb not yet routed,none,
collectible_checklist,CHK-COLLECTIBLE-ITEMS-2579,OBJ-001742,CHK-COLLECTIBLE-ITEMS-2579,Ancient Traveler's Skull,Ancient Traveler's Skull,unique_item,unique_misc_item,Collectible Items,Main-route prototype block,main_route,base_game,0,,,Y,exact_checklist,1,Y,Y,Y,Y,N,N,Y,collectible_checklist_covered,retrospectively_placed_in_guide,complete,"Dawnstar, Pale Blade, and Heljarchen",Ancient Traveler's Skull taken at Wayward Pass,none,
collectible_checklist,CHK-COLLECTIBLE-ITEMS-2580,OBJ-000054,CHK-COLLECTIBLE-ITEMS-2580,Aretino Family Heirloom,Aretino Family Heirloom,quest,dark_brotherhood,Collectible Items,Main-route prototype block,main_route,base_game,0,,,Y,exact_checklist,2,Y,Y,N,Y,N,N,N,collectible_checklist_covered,not_completed_here | placed_in_guide,complete | staged_for_dark_brotherhood_route,Cicero Aventus And The Sanctuary Door | Windhelm Murder Investigation And White Phial,Aretino Family Heirloom later | [CHECKLIST: Collectible - Aretino Family Heirloom acquired],none,
collectible_checklist,CHK-COLLECTIBLE-ITEMS-2581,OBJ-000168,CHK-COLLECTIBLE-ITEMS-2581,Attunement Sphere,Attunement Sphere,quest,daedric_quest,Collectible Items,Main-route prototype block,main_route,base_game,0,,,Y,exact_checklist,1,Y,Y,N,Y,N,N,N,collectible_checklist_covered,placed_in_guide,complete,College Errands Arniel Septimus And Aetherium,Attunement Sphere acquired from Septimus,none,
collectible_checklist,CHK-COLLECTIBLE-ITEMS-2582,OBJ-001744,CHK-COLLECTIBLE-ITEMS-2582,Balbus's Fork,Balbus's Fork,unique_item,unique_misc_item,Collectible Items,Main-route prototype block,main_route,base_game,0,,,Y,exact_checklist,2,Y,Y,Y,Y,Y,N,Y,collectible_checklist_route_resolution_recorded,NEEDS ROUTE RESOLUTION | needs_route_resolution_reaffirmed,needs_route_resolution | unresolved_random_encounter,"Final Reconciliation | Security, Shadowmere, And The Brotherhood Endgame",NEEDS ROUTE RESOLUTION Balbus's Fork checklist row | [CHECKLIST: Unique Misc - Balbus's Fork acquired] if random encounter appears,none_existing_route_resolution,
collectible_checklist,CHK-COLLECTIBLE-ITEMS-2583,OBJ-000362,CHK-COLLECTIBLE-ITEMS-2583,Canticle Bark,Canticle Bark (DG),quest,dawnguard_shared_main_quest,Collectible Items,Main-route prototype block,main_route,dawnguard,0,,,Y,exact_checklist,1,Y,Y,N,Y,N,N,N,collectible_checklist_covered,placed_in_guide,complete,Dawnguard Worldspaces,Canticle Bark acquired,none,
collectible_checklist,CHK-COLLECTIBLE-ITEMS-2584,OBJ-000417,CHK-COLLECTIBLE-ITEMS-2584,Control Cube,Control Cube (DB),quest,dragonborn_main_quest,Collectible Items,Main-route prototype block,main_route,dragonborn,0,,,Y,exact_checklist,1,Y,Y,N,Y,N,N,N,collectible_checklist_covered,placed_in_guide,complete,"Tel Mithryn, Nchardak, And Kagrumez",Nchardak control cubes used during The Path of Knowledge,none,
collectible_checklist,CHK-COLLECTIBLE-ITEMS-2585,OBJ-000463,CHK-COLLECTIBLE-ITEMS-2585,Deathbrand Treasure Map,Deathbrand Treasure Map (DB),quest,dragonborn_other_side_quest,Collectible Items,Main-route prototype block,main_route,dragonborn,0,,,Y,exact_checklist,2,Y,Y,N,Y,N,N,N,collectible_checklist_covered,held_for_later | placed_in_guide,complete | held_for_deathbrand_loop,"Fahlbtharz, Deathbrand, And Karstaag | Solstheim Entry, Raven Rock Core, And Frostmoon Rings",Deathbrand Treasure Map acquired from pirate captain | Deathbrand treasure map later,none,
collectible_checklist,CHK-COLLECTIBLE-ITEMS-2586,OBJ-000362,CHK-COLLECTIBLE-ITEMS-2586,Draw Knife,Draw Knife (DG),quest,dawnguard_shared_main_quest,Collectible Items,Main-route prototype block,main_route,dawnguard,0,,,Y,exact_checklist,1,Y,Y,N,Y,N,N,N,collectible_checklist_covered,placed_in_guide,complete,Dawnguard Worldspaces,Draw Knife acquired,none,
collectible_checklist,CHK-COLLECTIBLE-ITEMS-2587,OBJ-000168,CHK-COLLECTIBLE-ITEMS-2587,Essence Extractor,Essence Extractor,quest,daedric_quest,Collectible Items,Main-route prototype block,main_route,base_game,0,,,Y,exact_checklist,1,Y,Y,N,Y,N,N,N,collectible_checklist_covered,placed_in_guide,complete,Blades Research Blackreach And The Fallen,Essence Extractor received from Septimus,none,
collectible_checklist,CHK-COLLECTIBLE-ITEMS-2588,OBJ-001746,CHK-COLLECTIBLE-ITEMS-2588,Exquisite Sapphire,Exquisite Sapphire (DB),unique_item,unique_misc_item,Collectible Items,Main-route prototype block,main_route,dragonborn,0,,,Y,exact_checklist,3,Y,Y,Y,Y,N,N,Y,collectible_checklist_covered,held_for_later | placed_in_guide,complete | held_for_paid_in_full_completion | held_for_riften_letter_handoff,"Fahlbtharz, Deathbrand, And Karstaag | Ghosts Of The Tribunal And Trueflame | Solstheim Entry, Raven Rock Core, And Frostmoon Rings",Exquisite Sapphire acquired | Exquisite Sapphire later | Exquisite Sapphire waits for next Riften return,none,
collectible_checklist,CHK-COLLECTIBLE-ITEMS-2589,OBJ-002788,CHK-COLLECTIBLE-ITEMS-2589,Firebrand Wine Case,Firebrand Wine Case,collectible,quest_item_checklist_cue,Collectible Items,Main-route prototype block,main_route,base_game,0,,,Y,exact_checklist,1,Y,Y,N,Y,N,N,N,collectible_checklist_covered,acquired_now,complete,Goldenglow Honningbrew Solitude And Snow Veil,Collectible - Firebrand Wine Case acquired,none,
collectible_checklist,CHK-COLLECTIBLE-ITEMS-2590,OBJ-000023,CHK-COLLECTIBLE-ITEMS-2590,Glenmoril Witch Head,Glenmoril Witch Head,quest,companions,Collectible Items,Main-route prototype block,main_route,base_game,0,,,Y,exact_checklist,2,Y,Y,N,Y,N,N,Y,collectible_checklist_covered,completed_at_level_14_or_staged | tb038r_delayed_task_closed,complete_or_accounted_for | conditional_complete_or_staged,Falkreath Land Lakeview Foundation And Glenmoril Coven | TB-038R order and delayed-task repair register,Collectible - Glenmoril Witch Heads: all five acquired | TB-038R closeout: Glenmoril Witch Head,none,
collectible_checklist,CHK-COLLECTIBLE-ITEMS-2591,OBJ-000363,CHK-COLLECTIBLE-ITEMS-2591,Initiate's Ewer,Initiate's Ewer (DG),quest,dawnguard_shared_main_quest,Collectible Items,Main-route prototype block,main_route,dawnguard,0,,,Y,exact_checklist,1,Y,Y,N,Y,N,N,N,collectible_checklist_covered,placed_in_guide,complete,Dawnguard Worldspaces,Initiates Ewer acquired,none,
collectible_checklist,CHK-COLLECTIBLE-ITEMS-2592,OBJ-000468,CHK-COLLECTIBLE-ITEMS-2592,,Kagrumez Resonance Gem,misc_objective,dragonborn_other_misc,Collectible Items,Main-route prototype block,main_route,dragonborn,0,,,Y,exact_checklist,2,Y,Y,N,Y,N,N,N,collectible_checklist_covered,placed_in_guide,complete | in_progress_4_of_5,"Fahlbtharz, Deathbrand, And Karstaag | Tel Mithryn, Nchardak, And Kagrumez",All five Kagrumez Resonance Gems now collected | Four Kagrumez Resonance Gems collected and used,none,
collectible_checklist,CHK-COLLECTIBLE-ITEMS-2593,OBJ-002789,CHK-COLLECTIBLE-ITEMS-2593,Map of Dragon Burials,Map of Dragon Burials,collectible,quest_item_checklist_cue,Collectible Items,Main-route prototype block,main_route,base_game,0,,,Y,exact_checklist,1,Y,Y,N,Y,N,N,N,collectible_checklist_covered,placed_in_guide,complete,Main Quest Staging Before Sky Haven,[CHECKLIST: Collectible - Map of Dragon Burials inspected],none,
collectible_checklist,CHK-COLLECTIBLE-ITEMS-2594,OBJ-001747,CHK-COLLECTIBLE-ITEMS-2594,Michaela's Flagon,Michaela's Flagon,unique_item,unique_misc_item,Collectible Items,Main-route prototype block,main_route,base_game,0,,,Y,exact_checklist,1,Y,Y,Y,Y,N,N,Y,collectible_checklist_covered,retrospectively_placed_in_guide,complete,"High Hrothgar, Ustengrav, Morthal, and the Embassy",Michaela's Flagon taken from Thonnir's House,none,
collectible_checklist,CHK-COLLECTIBLE-ITEMS-2595,OBJ-000163,CHK-COLLECTIBLE-ITEMS-2595,Olava's Token,Olava's Token,misc_objective,dark_brotherhood_misc,Collectible Items,Main-route prototype block,main_route,base_game,0,,,Y,exact_checklist,2,Y,Y,N,Y,N,N,N,collectible_checklist_covered,not_routed_here | placed_in_guide,complete | staged_for_breaching_security_bonus,"Security, Shadowmere, And The Brotherhood Endgame | Whispers, Solitude Jobs, And The Wedding Assassination",Olava's Token later | [CHECKLIST: Collectible - Olava's Token acquired],none,
collectible_checklist,CHK-COLLECTIBLE-ITEMS-2596,OBJ-000178,CHK-COLLECTIBLE-ITEMS-2596,Pelagius' Hip Bone,Pelagius' Hip Bone,quest,daedric_quest,Collectible Items,Main-route prototype block,main_route,base_game,0,,,Y,exact_checklist,1,Y,N,N,Y,N,N,N,collectible_checklist_covered,acquired_now,complete,Goldenglow Honningbrew Solitude And Snow Veil,Collectible - Pelagius Hip Bone acquired,none,
collectible_checklist,CHK-COLLECTIBLE-ITEMS-2597,OBJ-000045,CHK-COLLECTIBLE-ITEMS-2597,Right Eye of the Falmer,Right Eye of the Falmer,quest,thieves_guild,Collectible Items,Main-route prototype block,main_route,base_game,0,,,Y,exact_checklist,1,Y,Y,Y,Y,N,N,N,collectible_checklist_covered,placed_in_guide,complete,Nightingale Rewards And The Skeleton Key,Right Eye of the Falmer acquired and preserved,none,
collectible_checklist,CHK-COLLECTIBLE-ITEMS-2598,OBJ-000168,CHK-COLLECTIBLE-ITEMS-2598,Runed Lexicon,Runed Lexicon,quest,daedric_quest,Collectible Items,Main-route prototype block,main_route,base_game,0,,,Y,exact_checklist,2,Y,Y,N,Y,N,N,N,collectible_checklist_covered,audited_not_completed_here | placed_in_guide,complete | staged_for_blackreach_tower_of_mzark,Blades Research Blackreach And The Fallen | College Errands Arniel Septimus And Aetherium,Runed Lexicon later | Runed Lexicon taken from Oculory,none,
collectible_checklist,CHK-COLLECTIBLE-ITEMS-2599,OBJ-000343,CHK-COLLECTIBLE-ITEMS-2599,Saerek's Skull Key,Saerek's Skull Key,misc_objective,dungeon_misc_quest,Collectible Items,Main-route prototype block,main_route,base_game,0,,,Y,exact_checklist,1,Y,Y,N,Y,N,N,N,collectible_checklist_covered,redistributed_or_gated,redistributed_or_staged_by_route_gate,Retrospective redistributed regional sections; no player-facing Location Counter Sweep dump,Saerek's Skull Key redistributed into regional route or gated late,none,
collectible_checklist,CHK-COLLECTIBLE-ITEMS-2600,OBJ-000130,CHK-COLLECTIBLE-ITEMS-2600,Sigil Stone,Sigil Stone,quest,college_master_skill_quest,Collectible Items,Main-route prototype block,main_route,base_game,0,,,Y,exact_checklist,1,Y,N,N,Y,N,N,N,collectible_checklist_covered,conjuration_ritual_reward_acquired,complete_during_conjuration_ritual,All-Perks Loop,Take Sigil Stone to Phinis,none,
collectible_checklist,CHK-COLLECTIBLE-ITEMS-2601,OBJ-001748,CHK-COLLECTIBLE-ITEMS-2601,Skull,Skull (DB),unique_item,unique_misc_item,Collectible Items,Main-route prototype block,main_route,dragonborn,0,,,Y,exact_checklist,1,Y,Y,Y,Y,N,N,Y,collectible_checklist_covered,placed_in_guide,complete,Kolbjorn Excavation And Raven Rock West,Engraved Skull acquired from Kolbjorn altar,none,
collectible_checklist,CHK-COLLECTIBLE-ITEMS-2602,OBJ-001745,CHK-COLLECTIBLE-ITEMS-2602,The Dancer's Flute,The Dancer's Flute,unique_item,unique_misc_item,Collectible Items,Main-route prototype block,main_route,base_game,0,,,Y,exact_checklist,1,Y,Y,Y,Y,N,N,Y,collectible_checklist_covered,placed_in_guide,complete,Windhelm Murder Investigation And White Phial,[CHECKLIST: Collectible - The Dancer's Flute acquired],none,
collectible_checklist,CHK-COLLECTIBLE-ITEMS-2603,OBJ-000343,CHK-COLLECTIBLE-ITEMS-2603,Torsten's Skull Key,Torsten's Skull Key,misc_objective,dungeon_misc_quest,Collectible Items,Main-route prototype block,main_route,base_game,0,,,Y,exact_checklist,1,Y,Y,N,Y,N,N,N,collectible_checklist_covered,redistributed_or_gated,redistributed_or_staged_by_route_gate,Retrospective redistributed regional sections; no player-facing Location Counter Sweep dump,Torsten's Skull Key redistributed into regional route or gated late,none,
collectible_checklist,CHK-COLLECTIBLE-ITEMS-2604,OBJ-001749,CHK-COLLECTIBLE-ITEMS-2604,Ysgramor's Soup Spoon,Ysgramor's Soup Spoon,unique_item,unique_misc_item,Collectible Items,Main-route prototype block,main_route,base_game,0,,,Y,exact_checklist,2,Y,Y,Y,Y,N,N,Y,collectible_checklist_covered,acquired_now | placed_in_guide,complete,Riften Thaneship Frost And Rift Roads | Windhelm Murder Investigation And White Phial,Collectible - Wylandriahs Spoon acquired | [CHECKLIST: Collectible - Ysgramor's Soup Spoon acquired],none,
collectible_checklist,CHK-COLLECTIBLE-ITEMS-2605,OBJ-001843,CHK-COLLECTIBLE-ITEMS-2605,Amethyst Paragon,Amethyst Paragon,collectible,paragon_member,Collectible Items,Main-route prototype block,main_route,dawnguard,0,,,Y,exact_checklist,1,Y,Y,N,Y,N,N,N,collectible_checklist_covered,placed_in_guide,complete,Dawnguard Worldspaces,Amethyst Paragon acquired,none,
collectible_checklist,CHK-COLLECTIBLE-ITEMS-2606,OBJ-001844,CHK-COLLECTIBLE-ITEMS-2606,Diamond Paragon,Diamond Paragon,collectible,paragon_member,Collectible Items,Main-route prototype block,main_route,dawnguard,0,,,Y,exact_checklist,1,Y,Y,N,Y,N,N,N,collectible_checklist_covered,placed_in_guide,complete,Dawnguard Worldspaces,Diamond Paragon acquired,none,
collectible_checklist,CHK-COLLECTIBLE-ITEMS-2607,OBJ-001845,CHK-COLLECTIBLE-ITEMS-2607,Emerald Paragon,Emerald Paragon,collectible,paragon_member,Collectible Items,Main-route prototype block,main_route,dawnguard,0,,,Y,exact_checklist,1,Y,Y,N,Y,N,N,N,collectible_checklist_covered,placed_in_guide,complete,Dawnguard Worldspaces,Emerald Paragon acquired,none,
collectible_checklist,CHK-COLLECTIBLE-ITEMS-2608,OBJ-001846,CHK-COLLECTIBLE-ITEMS-2608,Ruby Paragon,Ruby Paragon,collectible,paragon_member,Collectible Items,Main-route prototype block,main_route,dawnguard,0,,,Y,exact_checklist,1,Y,Y,N,Y,N,N,N,collectible_checklist_covered,placed_in_guide,complete,Dawnguard Worldspaces,Ruby Paragon acquired,none,
collectible_checklist,CHK-COLLECTIBLE-ITEMS-2609,OBJ-001847,CHK-COLLECTIBLE-ITEMS-2609,Sapphire Paragon,Sapphire Paragon,collectible,paragon_member,Collectible Items,Main-route prototype block,main_route,dawnguard,0,,,Y,exact_checklist,1,Y,Y,N,Y,N,N,N,collectible_checklist_covered,placed_in_guide,complete,Dawnguard Worldspaces,Sapphire Paragon acquired,none,
collectible_unique_gear,CHK-UNIQUE-GEAR-1617,OBJ-001593,CHK-UNIQUE-GEAR-1617,Hevnoraak,Hevnoraak,unique_item,artifact_dragon_priest_mask,Unique Gear,Main-route prototype block,main_route,base_game,0,,,Y,exact_checklist,1,N,Y,Y,Y,N,N,Y,collectible_unique_gear_covered,redistributed_or_gated,redistributed_or_staged_by_route_gate,Retrospective redistributed regional sections; no player-facing Location Counter Sweep dump,Hevnoraak redistributed into regional route or gated late,none,
collectible_unique_gear,CHK-UNIQUE-GEAR-1618,OBJ-001593,CHK-UNIQUE-GEAR-1618,Hevnoraak's Staff,Hevnoraak's Staff,unique_item,artifact_dragon_priest_mask,Unique Gear,Main-route prototype block,main_route,base_game,0,,,Y,exact_checklist,1,N,Y,Y,Y,N,N,Y,collectible_unique_gear_covered,redistributed_or_gated,redistributed_or_staged_by_route_gate,Retrospective redistributed regional sections; no player-facing Location Counter Sweep dump,Hevnoraak's Staff redistributed into regional route or gated late,none,
collectible_unique_gear,CHK-UNIQUE-GEAR-1624,OBJ-001594,CHK-UNIQUE-GEAR-1624,Konahrik,Konahrik,unique_item,artifact_dragon_priest_mask,Unique Gear,Main-route prototype block,main_route,base_game,0,,,Y,exact_checklist,1,Y,Y,Y,Y,N,N,Y,collectible_unique_gear_covered,placed_in_guide,complete,Collectible Reconciliation,Konahrik acquired at Bromjunaar Sanctuary,none,
collectible_unique_gear,CHK-UNIQUE-GEAR-1625,OBJ-001595,CHK-UNIQUE-GEAR-1625,Krosis,Krosis,unique_item,artifact_dragon_priest_mask,Unique Gear,Main-route prototype block,main_route,base_game,0,,,Y,exact_checklist,1,N,Y,Y,Y,N,N,Y,collectible_unique_gear_covered,redistributed_or_gated,redistributed_or_staged_by_route_gate,Retrospective redistributed regional sections; no player-facing Location Counter Sweep dump,Krosis redistributed into regional route or gated late,none,
collectible_unique_gear,CHK-UNIQUE-GEAR-1635,OBJ-001597,CHK-UNIQUE-GEAR-1635,Morokei,Morokei,unique_item,artifact_dragon_priest_mask,Unique Gear,Main-route prototype block,main_route,base_game,0,,,Y,exact_checklist,1,Y,Y,Y,Y,N,N,Y,collectible_unique_gear_covered,placed_in_guide,complete,Labyrinthian And The Eye Of Magnus,Morokei acquired,none,
collectible_unique_gear,CHK-UNIQUE-GEAR-1641,OBJ-001598,CHK-UNIQUE-GEAR-1641,Nahkriin,Nahkriin,unique_item,artifact_dragon_priest_mask,Unique Gear,Main-route prototype block,main_route,base_game,0,,,Y,exact_checklist,1,Y,Y,Y,Y,N,N,Y,collectible_unique_gear_covered,placed_in_guide,complete,World-Eater's Eyrie and Dragonslayer,Nahkriin acquired and preserved,none,
collectible_unique_gear,CHK-UNIQUE-GEAR-1655,OBJ-001599,CHK-UNIQUE-GEAR-1655,Otar,Otar,unique_item,artifact_dragon_priest_mask,Unique Gear,Main-route prototype block,main_route,base_game,0,,,Y,exact_checklist,1,N,Y,Y,Y,N,N,Y,collectible_unique_gear_covered,redistributed_or_gated,redistributed_or_staged_by_route_gate,Retrospective redistributed regional sections; no player-facing Location Counter Sweep dump,Otar redistributed into regional route or gated late,none,
collectible_unique_gear,CHK-UNIQUE-GEAR-1660,OBJ-001600,CHK-UNIQUE-GEAR-1660,Rahgot,Rahgot,unique_item,artifact_dragon_priest_mask,Unique Gear,Main-route prototype block,main_route,base_game,0,,,Y,exact_checklist,1,N,Y,Y,Y,N,N,Y,collectible_unique_gear_covered,redistributed_or_gated,redistributed_or_staged_by_route_gate,Retrospective redistributed regional sections; no player-facing Location Counter Sweep dump,Rahgot redistributed into regional route or gated late,none,
collectible_unique_gear,CHK-UNIQUE-GEAR-1712,OBJ-001601,CHK-UNIQUE-GEAR-1712,Vokun,Vokun,unique_item,artifact_dragon_priest_mask,Unique Gear,Main-route prototype block,main_route,base_game,0,,,Y,exact_checklist,1,Y,Y,Y,Y,N,N,Y,collectible_unique_gear_covered,placed_in_guide,complete,"Dawnstar, Pale Blade, And Heljarchen",[CHECKLIST: Unique Gear - Vokun acquired],none,
collectible_unique_gear,CHK-UNIQUE-GEAR-1714,OBJ-001602,CHK-UNIQUE-GEAR-1714,Volsung,Volsung,unique_item,artifact_dragon_priest_mask,Unique Gear,Main-route prototype block,main_route,base_game,0,,,Y,exact_checklist,1,Y,Y,Y,Y,N,N,Y,collectible_unique_gear_covered,placed_in_guide,complete,Haafingar Caves Volskygge And Night Hunter,[CHECKLIST: Unique Gear - Volsung acquired],none,
collectible_unique_gear,CHK-UNIQUE-GEAR-1720,OBJ-001603,CHK-UNIQUE-GEAR-1720,Wooden Mask,Wooden Mask,unique_item,artifact_dragon_priest_mask,Unique Gear,Main-route prototype block,main_route,base_game,0,,,Y,exact_checklist,1,Y,Y,Y,Y,N,N,Y,collectible_unique_gear_covered,placed_in_guide,complete,Labyrinthian And The Eye Of Magnus,Wooden Mask acquired,none,
collectible_unique_gear,CHK-UNIQUE-GEAR-1740,OBJ-001721,CHK-UNIQUE-GEAR-1740,Locket of Saint Jiub,Locket of Saint Jiub,unique_item,unique_jewelry,Unique Gear,Main-route prototype block,main_route,dawnguard,0,,,Y,exact_checklist,1,Y,Y,Y,Y,N,N,Y,collectible_unique_gear_covered,placed_in_guide,complete,Dawnguard Worldspaces,Locket of Saint Jiub acquired,none,
collectible_unique_gear,CHK-UNIQUE-GEAR-1748,OBJ-001591,CHK-UNIQUE-GEAR-1748,Ahzidal,Ahzidal,unique_item,artifact_dragon_priest_mask,Unique Gear,Main-route prototype block,main_route,dragonborn,0,,,Y,exact_checklist,1,Y,Y,Y,Y,N,N,Y,collectible_unique_gear_covered,placed_in_guide,complete,Kolbjorn Excavation And Raven Rock West,Ahzidal mask acquired from Ahzidal,none,
collectible_unique_gear,CHK-UNIQUE-GEAR-1767,OBJ-001592,CHK-UNIQUE-GEAR-1767,Dukaan,Dukaan,unique_item,artifact_dragon_priest_mask,Unique Gear,Main-route prototype block,main_route,dragonborn,0,,,Y,exact_checklist,2,Y,Y,Y,Y,N,N,Y,collectible_unique_gear_covered,held_for_later | placed_in_guide,complete | held_for_white_ridge_route,"Miraak Finale, Lost Knowledge, And Last Black Books | Tel Mithryn, Nchardak, And Kagrumez",Dukaan mask acquired at White Ridge Sanctum | Dukaan not acquired,none,
collectible_unique_gear,CHK-UNIQUE-GEAR-1772,OBJ-001596,CHK-UNIQUE-GEAR-1772,Miraak,Miraak,unique_item,artifact_dragon_priest_mask,Unique Gear,Main-route prototype block,main_route,dragonborn,0,,,Y,exact_checklist,1,Y,Y,Y,Y,N,N,Y,collectible_unique_gear_covered,placed_in_guide,complete,"Miraak Finale, Lost Knowledge, And Last Black Books",Miraak mask acquired from level 60 Miraak,none,
collectible_unique_gear,CHK-UNIQUE-GEAR-1786,OBJ-001604,CHK-UNIQUE-GEAR-1786,Zahkriisos,Zahkriisos,unique_item,artifact_dragon_priest_mask,Unique Gear,Main-route prototype block,main_route,dragonborn,0,,,Y,exact_checklist,1,Y,Y,Y,Y,N,N,Y,collectible_unique_gear_covered,placed_in_guide,complete,"Solstheim Entry, Raven Rock Core, And Frostmoon Rings",Zahkriisos mask acquired and preserved,none,
