audit_area,check_id,source_file,source_section,row_label,check_type,branch_id,hard_save,guide_locations,audit_status,recommended_action,evidence,notes
branch_policy_setup,TB041-POLICY-001,drafts/final-guide/main-guide-v1.md,Guide Conventions / Final Reconciliation,Named hard-save convention,branch_policy,,,Guide Conventions; Final Reconciliation,pass_policy_rule_present,none,Required terms present: named saves are written as; hard save: hs-name,TB-041 checks the player-facing branch contract before auditing individual branch rows.
branch_policy_setup,TB041-POLICY-002,drafts/final-guide/main-guide-v1.md,Guide Conventions / Final Reconciliation,Branch-first reload policy,branch_policy,,,Guide Conventions; Final Reconciliation,pass_policy_rule_present,none,Required terms present: branches are played first; save is reloaded; canonical main-route choice,TB-041 checks the player-facing branch contract before auditing individual branch rows.
branch_policy_setup,TB041-POLICY-003,drafts/final-guide/main-guide-v1.md,Guide Conventions / Final Reconciliation,Branch checklist state policy,branch_policy,,,Guide Conventions; Final Reconciliation,pass_policy_rule_present,none,Required terms present: branch checklist rows; branch-experienced; final main-save world state,TB-041 checks the player-facing branch contract before auditing individual branch rows.
branch_policy_setup,TB041-POLICY-004,drafts/final-guide/main-guide-v1.md,Guide Conventions / Final Reconciliation,Final branch-state reconciliation,branch_reconciliation,,,Guide Conventions; Final Reconciliation,pass_policy_rule_present,none,Required terms present: final reconciliation; relevant named branch save; final continuity state,TB-041 checks the player-facing branch contract before auditing individual branch rows.
branch_decision_matrix,TB041-MATRIX-BR-001,drafts/branch-routes/README.md,Branch Decision Matrix,Civil War faction commitment,Full branch route,BR-001,HS-CW-BEFORE-FACTION-OATH,Civil War Stormcloak Branch; Imperial Civil War; Final Reconciliation,pass_branch_save_reload_present,none,HS-CW-BEFORE-FACTION-OATH appears in guide branch handling with a nearby reload cue.,"Canonical main continuity: Imperial. Matrix notes: Do not duplicate Imperial objectives. The Stormcloak branch should be played first from the oath save, then reload for Imperial"
branch_decision_matrix,TB041-MATRIX-BR-002,drafts/branch-routes/README.md,Branch Decision Matrix,Dawnguard versus Volkihar at Bloodline,Full branch route,BR-002,HS-DG-BLOODLINE,"Dawnguard Fork and Volkihar Branch; Fort Dawnguard Recruits, Prophet, and Lost Relics; Volkihar Finale Branch Continuation; Final Reconciliation",pass_branch_save_reload_present,none,HS-DG-BLOODLINE appears in guide branch handling with a nearby reload cue.,Canonical main continuity: Dawnguard; refuse Harkon's gift. Matrix notes: New Allegiances baseline is one successful conversion. TB-031C found no checklist evidence requiring all three named conversions
branch_decision_matrix,TB041-MATRIX-BR-003,drafts/branch-routes/README.md,Branch Decision Matrix,Dark Brotherhood join versus destroy,Full branch route,BR-003,HS-DB-ABANDONED-SHACK,"Cicero, Aventus, and the Sanctuary Door; Final Reconciliation",pass_branch_save_reload_present,none,HS-DB-ABANDONED-SHACK appears in guide branch handling with a nearby reload cue.,Canonical main continuity: Join the Dark Brotherhood. Matrix notes: Complete or intentionally skip Delayed Burial before either commitment according to the main route
branch_decision_matrix,TB041-MATRIX-BR-004,drafts/branch-routes/README.md,Branch Decision Matrix,Paarthurnax / Blades conflict,Compact branch route,BR-004,HS-MQ-PAARTHURNAX,Paarthurnax and Blades Branch; Final Reconciliation,pass_branch_save_reload_present,none,HS-MQ-PAARTHURNAX appears in guide branch handling with a nearby reload cue.,Canonical main continuity: Preserve Paarthurnax. Matrix notes: Do not move main-route shout/word-wall support into the branch unless it is Blades-exclusive
branch_decision_matrix,TB041-MATRIX-BR-005,drafts/branch-routes/README.md,Branch Decision Matrix,Master Criminal trophy,Trophy branch,BR-005,HS-TROPHY-MASTER-CRIMINAL,Master Criminal Trophy Branch; Final Reconciliation,pass_branch_save_reload_present,none,HS-TROPHY-MASTER-CRIMINAL appears in guide branch handling with a nearby reload cue.,"Canonical main continuity: Clean final continuity, no permanent all-holds bounty state. Matrix notes: This is not mutually exclusive story content, but it is branch-routed because the final-state disruption is large. TB-032 now records warning/action limits; TB-034 places final step locations"
branch_decision_matrix,TB041-MATRIX-BR-006,drafts/branch-routes/README.md,Branch Decision Matrix,Thirsk Mead Hall control,Full branch route,BR-006,HS-DRAGONBORN-THIRSK-CHOICE,"Vahlok's Tomb, Riekling Roads, and Thirsk",pass_branch_save_reload_present,none,HS-DRAGONBORN-THIRSK-CHOICE appears in guide branch handling with a nearby reload cue.,"Canonical main continuity: Retaking Thirsk / Nord side. Matrix notes: TB-031C promoted Nord-side Thirsk rows to main-route handling because the canonical default preserves the source-listed Thirsk favor/service/spouse-candidate surface around Halbarn, Hilund, and Elmus"
branch_decision_matrix,TB041-MATRIX-BR-007,drafts/branch-routes/README.md,Branch Decision Matrix,Ghosts of the Tribunal heretics,Full branch route,BR-007,HS-AE-GHOSTS-TEMPLE,Ghosts of the Tribunal and Trueflame,pass_branch_save_reload_present,none,HS-AE-GHOSTS-TEMPLE appears in guide branch handling with a nearby reload cue.,"Canonical main continuity: Join/infiltrate heretic path. Matrix notes: Main default preserves armory access, crafting permissions, followers, companion tasks, and Skullcrusher access"
branch_decision_matrix,TB041-MATRIX-BR-008,drafts/branch-routes/README.md,Branch Decision Matrix,Bittercup altar path,Two compact alternate branches,BR-008,HS-AE-BITTERCUP-ALTAR,"Bittercup, the Pit, and Fortunate Son; Final Reconciliation",pass_branch_save_reload_present,none,HS-AE-BITTERCUP-ALTAR appears in guide branch handling with a nearby reload cue.,"Canonical main continuity: Fortune path. Matrix notes: TB-031C made The Pit branch-only in the objective map. Fortune remains the main default because the sourced reward table makes Master Transmute path-specific, and spell/permanent-spell coverage is main-route scope"
branch_decision_matrix,TB041-MATRIX-BR-009,drafts/branch-routes/README.md,Branch Decision Matrix,The Black Star reward,Reward branch,BR-009,HS-DAEDRIC-BLACK-STAR,The Black Star and Ilinalta's Deep,pass_branch_save_reload_present,none,HS-DAEDRIC-BLACK-STAR appears in guide branch handling with a nearby reload cue.,Canonical main continuity: The Black Star. Matrix notes: Both star outcomes are qualifying artifacts. The Black Star remains the utility default; Azura's Star is branch-exclusive
branch_decision_matrix,TB041-MATRIX-BR-010,drafts/branch-routes/README.md,Branch Decision Matrix,A Daedra's Best Friend reward,Reward branch,BR-010,HS-DAEDRIC-CLAVICUS,"Haafingar Caves, Volskygge, and Night Hunter",pass_branch_save_reload_present,none,HS-DAEDRIC-CLAVICUS appears in guide branch handling with a nearby reload cue.,Canonical main continuity: Masque of Clavicus Vile. Matrix notes: Main route must not use Rueful Axe for Oblivion Walker
branch_decision_matrix,TB041-MATRIX-BR-011,drafts/branch-routes/README.md,Branch Decision Matrix,Ill Met By Moonlight outcome,Reward branch plus appendix-only exploit note,BR-011,HS-DAEDRIC-HIRCINE-GROTTO,Hircine and Bloated Man's Grotto,pass_branch_save_reload_present,none,HS-DAEDRIC-HIRCINE-GROTTO appears in guide branch handling with a nearby reload cue.,Canonical main continuity: Ring of Hircine single-artifact outcome. Matrix notes: TB-031C promoted Ring of Hircine to main-route handling. Do not rely on the dual-artifact outcome for Oblivion Walker. Preserve Bolar's Oathblade and the non-quest grotto clear state before the quest if the route keeps Sinding alive on the main save
branch_decision_matrix,TB041-MATRIX-BR-012,drafts/branch-routes/README.md,Branch Decision Matrix,Pieces of the Past final choice,Reward branch,BR-012,HS-DAEDRIC-MEHRUNES-SHRINE,"Dawnstar, Vaermina, and Cold-Weather Setup",pass_branch_save_reload_present,none,HS-DAEDRIC-MEHRUNES-SHRINE appears in guide branch handling with a nearby reload cue.,Canonical main continuity: Kill Silus and reforge Mehrunes' Razor. Matrix notes: Main route is artifact-safe
branch_decision_matrix,TB041-MATRIX-BR-013,drafts/branch-routes/README.md,Branch Decision Matrix,The Taste of Death final outcome,Reward branch,BR-013,HS-DAEDRIC-NAMIRA-FEAST,"Markarth Prison, Daedric Rites, and Reach Redoubts",pass_branch_save_reload_present,none,HS-DAEDRIC-NAMIRA-FEAST appears in guide branch handling with a nearby reload cue.,Canonical main continuity: Namira feast outcome and Ring of Namira. Matrix notes: Main route is artifact-safe
branch_decision_matrix,TB041-MATRIX-BR-014,drafts/branch-routes/README.md,Branch Decision Matrix,Waking Nightmare final choice,Reward branch,BR-014,HS-DAEDRIC-VAERMINA-SKULL,"Dawnstar, Vaermina, and Cold-Weather Setup",pass_branch_save_reload_present,none,HS-DAEDRIC-VAERMINA-SKULL appears in guide branch handling with a nearby reload cue.,Canonical main continuity: Kill Erandur and take Skull of Corruption. Matrix notes: Main route is artifact-safe; Erandur follower access is branch-only
branch_decision_matrix,TB041-MATRIX-BR-015,drafts/branch-routes/README.md,Branch Decision Matrix,Lost to the Ages Aetherial reward,Reward branch,BR-015,HS-AETHERIUM-FORGE,"College Errands, Arniel, Septimus, and Aetherium",pass_branch_save_reload_present,none,HS-AETHERIUM-FORGE appears in guide branch handling with a nearby reload cue.,"Canonical main continuity: Aetherial Crown. Matrix notes: TB-031C promoted Aetherial Crown to main-route handling. Trophy only requires quest completion, but unique reward branches are substantial enough to route from the forge save"
branch_decision_matrix,TB041-MATRIX-BR-016,drafts/branch-routes/README.md,Branch Decision Matrix,Forgotten Names / Velehk Sain,Main-route resolved with optional outcome note,BR-016,HS-COLLEGE-VELEHK-SAIN,"Winterhold, College Entry, and Saarthal",pass_main_route_resolved_no_full_branch,none,HS-COLLEGE-VELEHK-SAIN appears in main-route-resolved handling; no full branch is required by the matrix.,"Canonical main continuity: Release Velehk for hidden treasure map/reward path. Matrix notes: Keep the hard save because the reward sets differ, but treat the kill path as too small for a full branch by default"
branch_decision_matrix,TB041-MATRIX-BR-017,drafts/branch-routes/README.md,Branch Decision Matrix,Promises to Keep / Frost,Main-route resolved with optional outcome note,BR-017,HS-RIFT-FROST-LETRUSH,"Riften Thaneship, Frost, and Rift Roads",pass_main_route_resolved_no_full_branch,none,HS-RIFT-FROST-LETRUSH appears in main-route-resolved handling; no full branch is required by the matrix.,Canonical main continuity: Keep Frost. Matrix notes: Main continuity preserves the unique mount
branch_decision_matrix,TB041-MATRIX-BR-018,drafts/branch-routes/README.md,Branch Decision Matrix,Unearthed / Ralis,Main-route resolved with optional outcome note,BR-018,HS-DRAGONBORN-UNEARTHED-RALIS,Kolbjorn Excavation and Raven Rock West,pass_main_resolved_optional_branch_save,none,HS-DRAGONBORN-UNEARTHED-RALIS appears with an optional branch-and-reload handling for the compact Ralis outcome.,Canonical main continuity: Spare Ralis. Matrix notes: Main continuity preserves follower availability; collect Hoarfrost without killing him if the final route validates that handling
branch_decision_matrix,TB041-MATRIX-BR-019,drafts/branch-routes/README.md,Branch Decision Matrix,Battle of the Champions side selection,Main-route resolved; branch placement piggybacks on Civil War branch if needed,BR-019,HS-AE-CIVIL-WAR-CHAMPIONS,Imperial Civil War,pass_main_route_resolved_no_full_branch,none,HS-AE-CIVIL-WAR-CHAMPIONS appears in main-route-resolved handling; no full branch is required by the matrix.,Canonical main continuity: Imperial-aligned handling. Matrix notes: TB-031C and TB-033 found no checklist evidence for a separate branch. Keep source-note dependent; final step/checklist validation should verify both equipment-set availability before final guide release. Do not create a separate full branch for side flavor alone
existing_branch_audit,TB041-EXISTING-CHK-QUESTS-0015,data/guide-coverage/main-guide-v1-branch-audit.csv,BR-004 Paarthurnax / Blades,Paarthurnax (optional),branch_checklist,BR-004,HS-MQ-PAARTHURNAX,Paarthurnax And Blades Branch,pass_existing_branch_audit_row,none,Existing branch audit status branch_checklist_covered; coverage placed_in_branch_guide; completion branch_complete_reloaded.,
existing_branch_audit,TB041-EXISTING-CHK-QUESTS-0055,data/guide-coverage/main-guide-v1-branch-audit.csv,BR-004 Paarthurnax / Blades,Rebuilding the Blades,branch_checklist,BR-004,HS-MQ-PAARTHURNAX,Blades Research Blackreach And The Fallen | Main Quest Staging Before Sky Haven | Paarthurnax And Blades Branch,pass_existing_branch_audit_row,none,Existing branch audit status branch_checklist_resolved_by_main_continuity; coverage not_duplicated_here | not_started_here | placed_in_guide; completion complete | complete_in_mr043 | staged_for_paarthurnax_blades_branch.,Blades checklist branch row is already completed on main continuity before the Paarthurnax lockout.
existing_branch_audit,TB041-EXISTING-CHK-QUESTS-0057,data/guide-coverage/main-guide-v1-branch-audit.csv,BR-004 Paarthurnax / Blades,Dragon Hunting,branch_checklist,BR-004,HS-MQ-PAARTHURNAX,Blades Research Blackreach And The Fallen | Paarthurnax And Blades Branch,pass_existing_branch_audit_row,none,Existing branch audit status branch_checklist_resolved_by_main_continuity; coverage not_duplicated_here | placed_in_guide; completion complete | complete_in_mr043.,Blades checklist branch row is already completed on main continuity before the Paarthurnax lockout.
existing_branch_audit,TB041-EXISTING-CHK-QUESTS-0099,data/guide-coverage/main-guide-v1-branch-audit.csv,BR-003 Destroy the Dark Brotherhood,Destroy the Dark Brotherhood!,branch_checklist,BR-003,HS-DB-ABANDONED-SHACK,Cicero Aventus And The Sanctuary Door,pass_existing_branch_audit_row,none,Existing branch audit status branch_checklist_covered; coverage branch_route_placed; completion branch_complete_then_reloaded.,
existing_branch_audit,TB041-EXISTING-CHK-QUESTS-0133,data/guide-coverage/main-guide-v1-branch-audit.csv,BR-001 Stormcloak Civil War,Joining the Stormcloaks,branch_checklist,BR-001,HS-CW-BEFORE-FACTION-OATH,Civil War Stormcloak Branch,pass_existing_branch_audit_row,none,Existing branch audit status branch_checklist_covered; coverage branch_experienced; completion branch_complete.,
existing_branch_audit,TB041-EXISTING-CHK-QUESTS-0141,data/guide-coverage/main-guide-v1-branch-audit.csv,BR-001 Stormcloak Civil War,Liberation of Skyrim,branch_checklist,BR-001,HS-CW-BEFORE-FACTION-OATH,Civil War Stormcloak Branch,pass_existing_branch_audit_row,none,Existing branch audit status branch_checklist_covered; coverage branch_experienced; completion branch_complete.,
existing_branch_audit,TB041-EXISTING-CHK-QUESTS-0143,data/guide-coverage/main-guide-v1-branch-audit.csv,BR-001 Stormcloak Civil War,Rescue from Fort Neugrad,branch_checklist,BR-001,HS-CW-BEFORE-FACTION-OATH,Civil War Stormcloak Branch,pass_existing_branch_audit_row,none,Existing branch audit status branch_checklist_covered; coverage branch_experienced; completion branch_complete.,
existing_branch_audit,TB041-EXISTING-CHK-QUESTS-0157,data/guide-coverage/main-guide-v1-branch-audit.csv,BR-001 Stormcloak Civil War,The Battle for Fort Kastav,branch_checklist,BR-001,HS-CW-BEFORE-FACTION-OATH,Civil War Stormcloak Branch,pass_existing_branch_audit_row,none,Existing branch audit status branch_checklist_conditionally_not_applicable; coverage conditional_not_routed; completion not_applicable_no_treaty_branch.,Conditional Stormcloak treaty-only branch row is represented as not applicable for the no-treaty route.
existing_branch_audit,TB041-EXISTING-CHK-QUESTS-0159,data/guide-coverage/main-guide-v1-branch-audit.csv,BR-001 Stormcloak Civil War,The Battle for Fort Hraggstad,branch_checklist,BR-001,HS-CW-BEFORE-FACTION-OATH,Civil War Stormcloak Branch,pass_existing_branch_audit_row,none,Existing branch audit status branch_checklist_covered; coverage branch_experienced; completion branch_complete.,
existing_branch_audit,TB041-EXISTING-CHK-QUESTS-0160,data/guide-coverage/main-guide-v1-branch-audit.csv,BR-001 Stormcloak Civil War,Battle for Solitude,branch_checklist,BR-001,HS-CW-BEFORE-FACTION-OATH,Civil War Stormcloak Branch,pass_existing_branch_audit_row,none,Existing branch audit status branch_checklist_covered; coverage branch_experienced; completion branch_complete.,
existing_branch_audit,TB041-EXISTING-CHK-QUESTS-0474,data/guide-coverage/main-guide-v1-branch-audit.csv,BR-002 Volkihar,The Bloodstone Chalice,branch_checklist,BR-002,HS-DG-BLOODLINE,Dawnguard Fork And Volkihar Branch,pass_existing_branch_audit_row,none,Existing branch audit status branch_checklist_covered; coverage placed_in_branch_guide; completion branch_complete_reloaded.,
existing_branch_audit,TB041-EXISTING-CHK-QUESTS-0481,data/guide-coverage/main-guide-v1-branch-audit.csv,BR-002 Volkihar,Amulets of Night Power,branch_checklist,BR-002,HS-DG-BLOODLINE,Dawnguard Fork And Volkihar Branch,pass_existing_branch_audit_row,none,Existing branch audit status branch_checklist_covered; coverage placed_in_branch_guide; completion branch_complete_reloaded.,
existing_branch_audit,TB041-EXISTING-CHK-QUESTS-0483,data/guide-coverage/main-guide-v1-branch-audit.csv,BR-002 Volkihar,Ancient Power,branch_checklist,BR-002,HS-DG-BLOODLINE,Dawnguard Fork And Volkihar Branch,pass_existing_branch_audit_row,none,Existing branch audit status branch_checklist_covered; coverage placed_in_branch_guide; completion branch_complete_reloaded.,
existing_branch_audit,TB041-EXISTING-CHK-QUESTS-0485,data/guide-coverage/main-guide-v1-branch-audit.csv,BR-002 Volkihar,Culling the Beast,branch_checklist,BR-002,HS-DG-BLOODLINE,Dawnguard Fork And Volkihar Branch,pass_existing_branch_audit_row,none,Existing branch audit status branch_checklist_covered; coverage placed_in_branch_guide; completion branch_complete_reloaded.,
existing_branch_audit,TB041-EXISTING-CHK-QUESTS-0487,data/guide-coverage/main-guide-v1-branch-audit.csv,BR-002 Volkihar,Deceiving the Herd,branch_checklist,BR-002,HS-DG-BLOODLINE,Dawnguard Fork And Volkihar Branch,pass_existing_branch_audit_row,none,Existing branch audit status branch_checklist_covered; coverage placed_in_branch_guide; completion branch_complete_reloaded.,
existing_branch_audit,TB041-EXISTING-CHK-QUESTS-0489,data/guide-coverage/main-guide-v1-branch-audit.csv,BR-002 Volkihar,Destroying the Dawnguard,branch_checklist,BR-002,HS-DG-BLOODLINE,Dawnguard Fork And Volkihar Branch | Volkihar Finale Branch Continuation,pass_existing_branch_audit_row,none,Existing branch audit status branch_checklist_covered; coverage placed_in_guide | staged_branch_continuation; completion branch_complete | staged_for_volkihar_finale_branch_continuation.,
existing_branch_audit,TB041-EXISTING-CHK-QUESTS-0491,data/guide-coverage/main-guide-v1-branch-audit.csv,BR-002 Volkihar,The Gift,branch_checklist,BR-002,HS-DG-BLOODLINE,Dawnguard Fork And Volkihar Branch,pass_existing_branch_audit_row,none,Existing branch audit status branch_checklist_covered; coverage placed_in_branch_guide; completion branch_complete_reloaded.,
existing_branch_audit,TB041-EXISTING-CHK-QUESTS-0492,data/guide-coverage/main-guide-v1-branch-audit.csv,BR-002 Volkihar,The Hunt,branch_checklist,BR-002,HS-DG-BLOODLINE,Dawnguard Fork And Volkihar Branch,pass_existing_branch_audit_row,none,Existing branch audit status branch_checklist_covered; coverage placed_in_branch_guide; completion branch_complete_reloaded.,
existing_branch_audit,TB041-EXISTING-CHK-QUESTS-0494,data/guide-coverage/main-guide-v1-branch-audit.csv,BR-002 Volkihar,New Allegiances,branch_checklist,BR-002,HS-DG-BLOODLINE,Dawnguard Fork And Volkihar Branch,pass_existing_branch_audit_row,none,Existing branch audit status branch_checklist_covered; coverage placed_in_branch_guide; completion branch_complete_reloaded.,
existing_branch_audit,TB041-EXISTING-CHK-QUESTS-0496,data/guide-coverage/main-guide-v1-branch-audit.csv,BR-002 Volkihar,Protecting the Bloodline,branch_checklist,BR-002,HS-DG-BLOODLINE,Dawnguard Fork And Volkihar Branch,pass_existing_branch_audit_row,none,Existing branch audit status branch_checklist_covered; coverage placed_in_branch_guide; completion branch_complete_reloaded.,
existing_branch_audit,TB041-EXISTING-CHK-QUESTS-0498,data/guide-coverage/main-guide-v1-branch-audit.csv,BR-002 Volkihar,Rings of Blood Magic,branch_checklist,BR-002,HS-DG-BLOODLINE,Dawnguard Fork And Volkihar Branch,pass_existing_branch_audit_row,none,Existing branch audit status branch_checklist_covered; coverage placed_in_branch_guide; completion branch_complete_reloaded.,
existing_branch_audit,TB041-EXISTING-CHK-QUESTS-0541,data/guide-coverage/main-guide-v1-branch-audit.csv,BR-006 Thirsk Riekling,The Chief of Thirsk Hall,branch_checklist,BR-006,HS-DRAGONBORN-THIRSK-CHOICE,"Vahlok's Tomb, Riekling Roads, And Thirsk",pass_existing_branch_audit_row,none,Existing branch audit status branch_checklist_covered; coverage branch_route; completion branch_experienced_then_reloaded.,
existing_branch_audit,TB041-EXISTING-CHK-QUESTS-0582,data/guide-coverage/main-guide-v1-branch-audit.csv,BR-008A Bittercup Power,The Pit,branch_checklist,BR-008,HS-AE-BITTERCUP-ALTAR,"Bittercup, The Pit, And Fortunate Son",pass_existing_branch_audit_row,none,Existing branch audit status branch_checklist_covered; coverage branch_handled; completion branch_experienced.,
existing_branch_audit,TB041-EXISTING-CHK-UNIQUE-GEAR-1561,data/guide-coverage/main-guide-v1-branch-audit.csv,BR-009 Azura's Star,Azura's Star,branch_checklist,BR-009,HS-DAEDRIC-BLACK-STAR,The Black Star and Ilinalta's Deep,pass_existing_branch_audit_row,none,Existing branch audit status branch_checklist_covered; coverage branch_route_completed | tb044_closed; completion branch_complete | complete.,
existing_branch_audit,TB041-EXISTING-CHK-UNIQUE-GEAR-1669,data/guide-coverage/main-guide-v1-branch-audit.csv,BR-011 Savior's Hide,Savior's Hide,branch_checklist,BR-011,HS-DAEDRIC-HIRCINE-GROTTO,Hircine And Bloated Man's Grotto,pass_existing_branch_audit_row,none,Existing branch audit status branch_checklist_covered; coverage branch_completed_then_reloaded; completion branch_experienced_reloaded.,
existing_branch_audit,TB041-EXISTING-CHK-UNIQUE-GEAR-1697,data/guide-coverage/main-guide-v1-branch-audit.csv,BR-010 Rueful Axe,The Rueful Axe,branch_checklist,BR-010,HS-DAEDRIC-CLAVICUS,"Haafingar Caves, Volskygge, And Night Hunter",pass_existing_branch_audit_row,none,Existing branch audit status branch_checklist_covered; coverage branch_reward_represented; completion branch_experienced_reloaded.,
existing_branch_audit,TB041-EXISTING-CHK-UNIQUE-GEAR-1724,data/guide-coverage/main-guide-v1-branch-audit.csv,BR-015 Aetherial Shield,Aetherial Shield,branch_checklist,BR-015,HS-AETHERIUM-FORGE,Arkngthamz And The First Aetherium Shards | College Errands Arniel Septimus And Aetherium,pass_existing_branch_audit_row,none,Existing branch audit status branch_checklist_covered; coverage branch_deferred | branch_placed_in_guide; completion branch_complete | staged_for_branch_reward.,
existing_branch_audit,TB041-EXISTING-CHK-UNIQUE-GEAR-1725,data/guide-coverage/main-guide-v1-branch-audit.csv,BR-015 Aetherial Staff,Aetherial Staff,branch_checklist,BR-015,HS-AETHERIUM-FORGE,Arkngthamz And The First Aetherium Shards | College Errands Arniel Septimus And Aetherium,pass_existing_branch_audit_row,none,Existing branch audit status branch_checklist_covered; coverage branch_deferred | branch_placed_in_guide; completion branch_complete | staged_for_branch_reward.,
existing_branch_audit,TB041-EXISTING-CHK-UNIQUE-GEAR-1727,data/guide-coverage/main-guide-v1-branch-audit.csv,BR-002 Volkihar,Amulet of Bats,branch_checklist,BR-002,HS-DG-BLOODLINE,Dawnguard Fork And Volkihar Branch,pass_existing_branch_audit_row,none,Existing branch audit status branch_checklist_covered; coverage placed_in_branch_guide; completion branch_complete_reloaded.,
existing_branch_audit,TB041-EXISTING-CHK-UNIQUE-GEAR-1728,data/guide-coverage/main-guide-v1-branch-audit.csv,BR-002 Volkihar,Amulet of The Gargoyle,branch_checklist,BR-002,HS-DG-BLOODLINE,Dawnguard Fork And Volkihar Branch,pass_existing_branch_audit_row,none,Existing branch audit status branch_checklist_covered; coverage placed_in_branch_guide; completion branch_complete_reloaded.,
existing_branch_audit,TB041-EXISTING-CHK-UNIQUE-GEAR-1741,data/guide-coverage/main-guide-v1-branch-audit.csv,BR-002 Volkihar,Ring of The Beast,branch_checklist,BR-002,HS-DG-BLOODLINE,Dawnguard Fork And Volkihar Branch,pass_existing_branch_audit_row,none,Existing branch audit status branch_checklist_covered; coverage placed_in_branch_guide; completion branch_complete_reloaded.,
existing_branch_audit,TB041-EXISTING-CHK-UNIQUE-GEAR-1742,data/guide-coverage/main-guide-v1-branch-audit.csv,BR-002 Volkihar,Ring of the Erudite,branch_checklist,BR-002,HS-DG-BLOODLINE,Dawnguard Fork And Volkihar Branch,pass_existing_branch_audit_row,none,Existing branch audit status branch_checklist_covered; coverage placed_in_branch_guide; completion branch_complete_reloaded.,
existing_branch_audit,TB041-EXISTING-CHK-BOOKS-2512,data/guide-coverage/main-guide-v1-branch-audit.csv,BR-007 Ghosts destroy-heretics,Reclamation Priest's Journal (AE),branch_checklist,BR-007,HS-AE-GHOSTS-PROPAGANDA | HS-AE-GHOSTS-TEMPLE,Ghosts Of The Tribunal And Trueflame,pass_existing_branch_audit_row,none,Existing branch audit status branch_checklist_covered; coverage branch_handled; completion branch_experienced.,
existing_branch_audit,TB041-EXISTING-OBJ-000019,data/guide-coverage/main-guide-v1-branch-audit.csv,BR-004 Paarthurnax / Blades,Paarthurnax,branch_objective,BR-004,HS-MQ-PAARTHURNAX,Paarthurnax And Blades Branch,pass_existing_branch_audit_row,none,Existing branch audit status branch_objective_covered; coverage placed_in_branch_guide; completion branch_complete_reloaded.,
existing_branch_audit,TB041-EXISTING-OBJ-000067,data/guide-coverage/main-guide-v1-branch-audit.csv,BR-003 Destroy the Dark Brotherhood,Destroy the Dark Brotherhood!,branch_objective,BR-003,HS-DB-ABANDONED-SHACK,Cicero Aventus And The Sanctuary Door,pass_existing_branch_audit_row,none,Existing branch audit status branch_objective_covered; coverage branch_route_placed; completion branch_complete_then_reloaded.,
existing_branch_audit,TB041-EXISTING-OBJ-000087,data/guide-coverage/main-guide-v1-branch-audit.csv,BR-001 Stormcloak Civil War,Joining the Stormcloaks,branch_objective,BR-001,HS-CW-BEFORE-FACTION-OATH,Civil War Stormcloak Branch,pass_existing_branch_audit_row,none,Existing branch audit status branch_objective_covered; coverage branch_experienced; completion branch_complete.,
existing_branch_audit,TB041-EXISTING-OBJ-000088,data/guide-coverage/main-guide-v1-branch-audit.csv,BR-001 Stormcloak Civil War,The Jagged Crown (Stormcloaks),branch_objective,BR-001,HS-CW-BEFORE-FACTION-OATH,Civil War Stormcloak Branch,pass_existing_branch_audit_row,none,Existing branch audit status branch_objective_covered; coverage branch_experienced; completion branch_complete.,
existing_branch_audit,TB041-EXISTING-OBJ-000089,data/guide-coverage/main-guide-v1-branch-audit.csv,BR-001 Stormcloak Civil War,Message to Whiterun (Stormcloaks),branch_objective,BR-001,HS-CW-BEFORE-FACTION-OATH,Civil War Stormcloak Branch,pass_existing_branch_audit_row,none,Existing branch audit status branch_objective_covered; coverage branch_experienced; completion branch_complete.,
existing_branch_audit,TB041-EXISTING-OBJ-000090,data/guide-coverage/main-guide-v1-branch-audit.csv,BR-001 Stormcloak Civil War,Battle for Whiterun (Stormcloaks),branch_objective,BR-001,HS-CW-BEFORE-FACTION-OATH,Civil War Stormcloak Branch,pass_existing_branch_audit_row,none,Existing branch audit status branch_objective_covered; coverage branch_experienced; completion branch_complete.,
existing_branch_audit,TB041-EXISTING-OBJ-000091,data/guide-coverage/main-guide-v1-branch-audit.csv,BR-001 Stormcloak Civil War,Liberation of Skyrim,branch_objective,BR-001,HS-CW-BEFORE-FACTION-OATH,Civil War Stormcloak Branch,pass_existing_branch_audit_row,none,Existing branch audit status branch_objective_covered; coverage branch_experienced; completion branch_complete.,
existing_branch_audit,TB041-EXISTING-OBJ-000092,data/guide-coverage/main-guide-v1-branch-audit.csv,BR-001 Stormcloak Civil War,Rescue from Fort Neugrad,branch_objective,BR-001,HS-CW-BEFORE-FACTION-OATH,Civil War Stormcloak Branch,pass_existing_branch_audit_row,none,Existing branch audit status branch_objective_covered; coverage branch_experienced; completion branch_complete.,
existing_branch_audit,TB041-EXISTING-OBJ-000093,data/guide-coverage/main-guide-v1-branch-audit.csv,BR-001 Stormcloak Civil War,Compelling Tribute (Stormcloaks),branch_objective,BR-001,HS-CW-BEFORE-FACTION-OATH,Civil War Stormcloak Branch,pass_existing_branch_audit_row,none,Existing branch audit status branch_objective_covered; coverage branch_experienced; completion branch_complete.,
existing_branch_audit,TB041-EXISTING-OBJ-000094,data/guide-coverage/main-guide-v1-branch-audit.csv,BR-001 Stormcloak Civil War,The Battle for Fort Sungard (Stormcloaks),branch_objective,BR-001,HS-CW-BEFORE-FACTION-OATH,Civil War Stormcloak Branch,pass_existing_branch_audit_row,none,Existing branch audit status branch_objective_covered; coverage branch_experienced; completion branch_complete.,
existing_branch_audit,TB041-EXISTING-OBJ-000095,data/guide-coverage/main-guide-v1-branch-audit.csv,BR-001 Stormcloak Civil War,A False Front (Stormcloaks),branch_objective,BR-001,HS-CW-BEFORE-FACTION-OATH,Civil War Stormcloak Branch,pass_existing_branch_audit_row,none,Existing branch audit status branch_objective_covered; coverage branch_experienced; completion branch_complete.,
existing_branch_audit,TB041-EXISTING-OBJ-000096,data/guide-coverage/main-guide-v1-branch-audit.csv,BR-001 Stormcloak Civil War,The Battle for Fort Snowhawk (Stormcloaks),branch_objective,BR-001,HS-CW-BEFORE-FACTION-OATH,Civil War Stormcloak Branch,pass_existing_branch_audit_row,none,Existing branch audit status branch_objective_covered; coverage branch_experienced; completion branch_complete.,
existing_branch_audit,TB041-EXISTING-OBJ-000097,data/guide-coverage/main-guide-v1-branch-audit.csv,BR-001 Stormcloak Civil War,The Battle for Fort Dunstad (Stormcloaks),branch_objective,BR-001,HS-CW-BEFORE-FACTION-OATH,Civil War Stormcloak Branch,pass_existing_branch_audit_row,none,Existing branch audit status branch_objective_conditionally_not_applicable; coverage conditional_not_routed; completion not_applicable_no_treaty_branch.,Conditional Stormcloak treaty-only branch row is represented as not applicable for the no-treaty route.
existing_branch_audit,TB041-EXISTING-OBJ-000098,data/guide-coverage/main-guide-v1-branch-audit.csv,BR-001 Stormcloak Civil War,The Battle for Fort Kastav,branch_objective,BR-001,HS-CW-BEFORE-FACTION-OATH,Civil War Stormcloak Branch,pass_existing_branch_audit_row,none,Existing branch audit status branch_objective_conditionally_not_applicable; coverage conditional_not_routed; completion not_applicable_no_treaty_branch.,Conditional Stormcloak treaty-only branch row is represented as not applicable for the no-treaty route.
existing_branch_audit,TB041-EXISTING-OBJ-000099,data/guide-coverage/main-guide-v1-branch-audit.csv,BR-001 Stormcloak Civil War,The Battle for Fort Greenwall (Stormcloaks),branch_objective,BR-001,HS-CW-BEFORE-FACTION-OATH,Civil War Stormcloak Branch,pass_existing_branch_audit_row,none,Existing branch audit status branch_objective_conditionally_not_applicable; coverage conditional_not_routed; completion not_applicable_no_treaty_branch.,Conditional Stormcloak treaty-only branch row is represented as not applicable for the no-treaty route.
existing_branch_audit,TB041-EXISTING-OBJ-000100,data/guide-coverage/main-guide-v1-branch-audit.csv,BR-001 Stormcloak Civil War,The Battle for Fort Hraggstad,branch_objective,BR-001,HS-CW-BEFORE-FACTION-OATH,Civil War Stormcloak Branch,pass_existing_branch_audit_row,none,Existing branch audit status branch_objective_covered; coverage branch_experienced; completion branch_complete.,
existing_branch_audit,TB041-EXISTING-OBJ-000101,data/guide-coverage/main-guide-v1-branch-audit.csv,BR-001 Stormcloak Civil War,Battle for Solitude,branch_objective,BR-001,HS-CW-BEFORE-FACTION-OATH,Civil War Stormcloak Branch,pass_existing_branch_audit_row,none,Existing branch audit status branch_objective_covered; coverage branch_experienced; completion branch_complete.,
existing_branch_audit,TB041-EXISTING-OBJ-000356,data/guide-coverage/main-guide-v1-branch-audit.csv,BR-002 Volkihar,The Bloodstone Chalice,branch_objective,BR-002,HS-DG-BLOODLINE,Dawnguard Fork And Volkihar Branch | Volkihar Finale Branch Continuation,pass_existing_branch_audit_row,none,Existing branch audit status branch_objective_covered; coverage placed_in_branch_guide | replayed_branch_prereq; completion branch_complete_reloaded | branch_replayed.,
existing_branch_audit,TB041-EXISTING-OBJ-000357,data/guide-coverage/main-guide-v1-branch-audit.csv,BR-002 Volkihar,Prophet (Vampire),branch_objective,BR-002,HS-DG-BLOODLINE,Dawnguard Fork And Volkihar Branch | Volkihar Finale Branch Continuation,pass_existing_branch_audit_row,none,Existing branch audit status branch_objective_covered; coverage placed_in_branch_guide | replayed_branch_prereq; completion branch_complete_reloaded | branch_replayed.,
existing_branch_audit,TB041-EXISTING-OBJ-000374,data/guide-coverage/main-guide-v1-branch-audit.csv,BR-002 Volkihar,Amulets of Night Power,branch_objective,BR-002,HS-DG-BLOODLINE,Dawnguard Fork And Volkihar Branch,pass_existing_branch_audit_row,none,Existing branch audit status branch_objective_covered; coverage placed_in_branch_guide; completion branch_complete_reloaded.,
existing_branch_audit,TB041-EXISTING-OBJ-000375,data/guide-coverage/main-guide-v1-branch-audit.csv,BR-002 Volkihar,Ancient Power,branch_objective,BR-002,HS-DG-BLOODLINE,Dawnguard Fork And Volkihar Branch,pass_existing_branch_audit_row,none,Existing branch audit status branch_objective_covered; coverage placed_in_branch_guide; completion branch_complete_reloaded.,
existing_branch_audit,TB041-EXISTING-OBJ-000376,data/guide-coverage/main-guide-v1-branch-audit.csv,BR-002 Volkihar,Culling the Beast,branch_objective,BR-002,HS-DG-BLOODLINE,Dawnguard Fork And Volkihar Branch,pass_existing_branch_audit_row,none,Existing branch audit status branch_objective_covered; coverage placed_in_branch_guide; completion branch_complete_reloaded.,
existing_branch_audit,TB041-EXISTING-OBJ-000377,data/guide-coverage/main-guide-v1-branch-audit.csv,BR-002 Volkihar,Deceiving the Herd,branch_objective,BR-002,HS-DG-BLOODLINE,Dawnguard Fork And Volkihar Branch,pass_existing_branch_audit_row,none,Existing branch audit status branch_objective_covered; coverage placed_in_branch_guide; completion branch_complete_reloaded.,
existing_branch_audit,TB041-EXISTING-OBJ-000378,data/guide-coverage/main-guide-v1-branch-audit.csv,BR-002 Volkihar,Destroying the Dawnguard,branch_objective,BR-002,HS-DG-BLOODLINE,Dawnguard Fork And Volkihar Branch | Volkihar Finale Branch Continuation,pass_existing_branch_audit_row,none,Existing branch audit status branch_objective_covered; coverage placed_in_guide | staged_branch_continuation; completion branch_complete | staged_for_volkihar_finale_branch_continuation.,
existing_branch_audit,TB041-EXISTING-OBJ-000379,data/guide-coverage/main-guide-v1-branch-audit.csv,BR-002 Volkihar,The Gift,branch_objective,BR-002,HS-DG-BLOODLINE,Dawnguard Fork And Volkihar Branch,pass_existing_branch_audit_row,none,Existing branch audit status branch_objective_covered; coverage placed_in_branch_guide; completion branch_complete_reloaded.,
existing_branch_audit,TB041-EXISTING-OBJ-000380,data/guide-coverage/main-guide-v1-branch-audit.csv,BR-002 Volkihar,The Hunt,branch_objective,BR-002,HS-DG-BLOODLINE,Dawnguard Fork And Volkihar Branch,pass_existing_branch_audit_row,none,Existing branch audit status branch_objective_covered; coverage placed_in_branch_guide; completion branch_complete_reloaded.,
existing_branch_audit,TB041-EXISTING-OBJ-000381,data/guide-coverage/main-guide-v1-branch-audit.csv,BR-002 Volkihar,New Allegiances,branch_objective,BR-002,HS-DG-BLOODLINE,Dawnguard Fork And Volkihar Branch,pass_existing_branch_audit_row,none,Existing branch audit status branch_objective_covered; coverage placed_in_branch_guide; completion branch_complete_reloaded.,
existing_branch_audit,TB041-EXISTING-OBJ-000382,data/guide-coverage/main-guide-v1-branch-audit.csv,BR-002 Volkihar,Protecting the Bloodline,branch_objective,BR-002,HS-DG-BLOODLINE,Dawnguard Fork And Volkihar Branch,pass_existing_branch_audit_row,none,Existing branch audit status branch_objective_covered; coverage placed_in_branch_guide; completion branch_complete_reloaded.,
existing_branch_audit,TB041-EXISTING-OBJ-000383,data/guide-coverage/main-guide-v1-branch-audit.csv,BR-002 Volkihar,Rings of Blood Magic,branch_objective,BR-002,HS-DG-BLOODLINE,Dawnguard Fork And Volkihar Branch,pass_existing_branch_audit_row,none,Existing branch audit status branch_objective_covered; coverage placed_in_branch_guide; completion branch_complete_reloaded.,
existing_branch_audit,TB041-EXISTING-OBJ-000454,data/guide-coverage/main-guide-v1-branch-audit.csv,BR-006 Thirsk Riekling,The Chief of Thirsk Hall,branch_objective,BR-006,HS-DRAGONBORN-THIRSK-CHOICE,"Vahlok's Tomb, Riekling Roads, And Thirsk",pass_existing_branch_audit_row,none,Existing branch audit status branch_objective_covered; coverage branch_route; completion branch_experienced_then_reloaded.,
existing_branch_audit,TB041-EXISTING-OBJ-000574,data/guide-coverage/main-guide-v1-branch-audit.csv,BR-008A Bittercup Power,The Pit,branch_objective,BR-008,HS-AE-BITTERCUP-ALTAR,"Bittercup, The Pit, And Fortunate Son",pass_existing_branch_audit_row,none,Existing branch audit status branch_objective_covered; coverage branch_handled; completion branch_experienced.,
existing_branch_audit,TB041-EXISTING-OBJ-001555,data/guide-coverage/main-guide-v1-branch-audit.csv,BR-010 Rueful Axe,Artifact: The Rueful Axe,branch_objective,BR-010,HS-DAEDRIC-CLAVICUS,Retrospective redistributed regional sections; no player-facing Location Counter Sweep dump,pass_existing_branch_audit_row,none,Existing branch audit status branch_objective_covered; coverage branch_reward_represented; completion branch_experienced_reloaded.,
existing_branch_audit,TB041-EXISTING-OBJ-001565,data/guide-coverage/main-guide-v1-branch-audit.csv,BR-015 Aetherial Staff,Artifact: Aetherial Staff,branch_objective,BR-015,HS-AETHERIUM-FORGE,Arkngthamz And The First Aetherium Shards | College Errands Arniel Septimus And Aetherium | Mzulft And The Winterhold Crisis,pass_existing_branch_audit_row,none,Existing branch audit status branch_objective_covered; coverage branch_deferred | branch_placed_in_guide | branch_reward_held; completion branch_complete | staged_for_branch_reward | staged_for_hs_aetherium_forge_branch.,
existing_branch_audit,TB041-EXISTING-OBJ-001581,data/guide-coverage/main-guide-v1-branch-audit.csv,BR-011 Savior's Hide,Artifact: Savior's Hide,branch_objective,BR-011,HS-DAEDRIC-HIRCINE-GROTTO,Hircine And Bloated Man's Grotto,pass_existing_branch_audit_row,none,Existing branch audit status branch_objective_covered; coverage branch_completed_then_reloaded; completion branch_experienced_reloaded.,
existing_branch_audit,TB041-EXISTING-OBJ-001585,data/guide-coverage/main-guide-v1-branch-audit.csv,BR-015 Aetherial Shield,Artifact: Aetherial Shield,branch_objective,BR-015,HS-AETHERIUM-FORGE,Arkngthamz And The First Aetherium Shards | College Errands Arniel Septimus And Aetherium | Mzulft And The Winterhold Crisis,pass_existing_branch_audit_row,none,Existing branch audit status branch_objective_covered; coverage branch_deferred | branch_placed_in_guide | branch_reward_held; completion branch_complete | staged_for_branch_reward | staged_for_hs_aetherium_forge_branch.,
existing_branch_audit,TB041-EXISTING-OBJ-001612,data/guide-coverage/main-guide-v1-branch-audit.csv,BR-009 Azura's Star,Artifact: Azura's Star,branch_objective,BR-009,HS-DAEDRIC-BLACK-STAR,The Black Star and Ilinalta's Deep,pass_existing_branch_audit_row,none,Existing branch audit status branch_objective_covered; coverage branch_route_completed | tb044_closed; completion branch_complete | complete.,
existing_branch_audit,TB041-EXISTING-OBJ-001716,data/guide-coverage/main-guide-v1-branch-audit.csv,BR-002 Volkihar,Unique Item: Amulet of Bats,branch_objective,BR-002,HS-DG-BLOODLINE,Dawnguard Fork And Volkihar Branch,pass_existing_branch_audit_row,none,Existing branch audit status branch_objective_covered; coverage placed_in_branch_guide; completion branch_complete_reloaded.,
existing_branch_audit,TB041-EXISTING-OBJ-001717,data/guide-coverage/main-guide-v1-branch-audit.csv,BR-002 Volkihar,Unique Item: Amulet of The Gargoyle,branch_objective,BR-002,HS-DG-BLOODLINE,Dawnguard Fork And Volkihar Branch,pass_existing_branch_audit_row,none,Existing branch audit status branch_objective_covered; coverage placed_in_branch_guide; completion branch_complete_reloaded.,
existing_branch_audit,TB041-EXISTING-OBJ-001736,data/guide-coverage/main-guide-v1-branch-audit.csv,BR-002 Volkihar,Unique Item: Ring of The Beast,branch_objective,BR-002,HS-DG-BLOODLINE,Dawnguard Fork And Volkihar Branch,pass_existing_branch_audit_row,none,Existing branch audit status branch_objective_covered; coverage placed_in_branch_guide; completion branch_complete_reloaded.,
existing_branch_audit,TB041-EXISTING-OBJ-001737,data/guide-coverage/main-guide-v1-branch-audit.csv,BR-002 Volkihar,Unique Item: Ring of the Erudite,branch_objective,BR-002,HS-DG-BLOODLINE,Dawnguard Fork And Volkihar Branch,pass_existing_branch_audit_row,none,Existing branch audit status branch_objective_covered; coverage placed_in_branch_guide; completion branch_complete_reloaded.,
existing_branch_audit,TB041-EXISTING-OBJ-002777,data/guide-coverage/main-guide-v1-branch-audit.csv,BR-005 Master Criminal Trophy,Master Criminal Trophy Set,branch_objective,BR-005,HS-TROPHY-MASTER-CRIMINAL,Master Criminal Trophy Branch,pass_existing_branch_audit_row,none,Existing branch audit status branch_objective_covered; coverage trophy_branch_completed; completion branch_complete_then_reloaded.,
existing_branch_audit,TB041-EXISTING-OBJ-002785,data/guide-coverage/main-guide-v1-branch-audit.csv,BR-004 Paarthurnax / Blades,Rebuilding the Blades,branch_objective,BR-004,HS-MQ-PAARTHURNAX,Blades Research Blackreach And The Fallen | Karthspire Sky Haven And Dragonbane | Main Quest Staging Before Sky Haven | Paarthurnax And Blades Branch,pass_existing_branch_audit_row,none,Existing branch audit status branch_objective_resolved_by_main_continuity; coverage audited_not_started_here | not_duplicated_here | not_started_here | placed_in_guide; completion complete | complete_in_mr043 | staged_for_blades_branch_or_pre_elder_scroll_policy | staged_for_paarthurnax_blades_branch.,Blades checklist branch row is already completed on main continuity before the Paarthurnax lockout.
existing_branch_audit,TB041-EXISTING-OBJ-002786,data/guide-coverage/main-guide-v1-branch-audit.csv,BR-004 Paarthurnax / Blades,Dragon Hunting,branch_objective,BR-004,HS-MQ-PAARTHURNAX,Blades Research Blackreach And The Fallen | Karthspire Sky Haven And Dragonbane | Paarthurnax And Blades Branch,pass_existing_branch_audit_row,none,Existing branch audit status branch_objective_resolved_by_main_continuity; coverage audited_not_started_here | not_duplicated_here | placed_in_guide; completion complete | complete_in_mr043 | staged_for_blades_branch_or_pre_elder_scroll_policy.,Blades checklist branch row is already completed on main continuity before the Paarthurnax lockout.
guide_branch_cues,TB041-GUIDE-L0362,drafts/final-guide/main-guide-v1.md,Hircine and Bloated Man's Grotto,"11. Branch route: enter Bloated Man's Grotto from the hard save, speak to the dying hunter if he is still alive, then fi",guide_branch_route_cue,,HS-DAEDRIC-HIRCINE-GROTTO,Hircine and Bloated Man's Grotto,pass_branch_cue_has_save_and_reload,none,Branch cue appears in a section with explicit save and reload instructions.,TB-041 guide-local scan checks branch-route prose for continuity protection cues; it does not add gameplay facts.
guide_branch_cues,TB041-GUIDE-L0454,drafts/final-guide/main-guide-v1.md,"Goldenglow, Honningbrew, Solitude, and Snow Veil","38. Branch route: from the hard save, kill Gulum-Ei, take and read Gulum-Ei's Confession. Do not continue from this bran",guide_branch_route_cue,,HS-TG-GULUM-EI-CONFESSION,"Goldenglow, Honningbrew, Solitude, and Snow Veil",pass_branch_cue_has_save_and_reload,none,Branch cue appears in a section with explicit save and reload instructions.,TB-041 guide-local scan checks branch-route prose for continuity protection cues; it does not add gameplay facts.
guide_branch_cues,TB041-GUIDE-L0645,drafts/final-guide/main-guide-v1.md,"Markarth Prison, Daedric Rites, and Reach Redoubts","46. BRANCH ROUTE: from `HS-DAEDRIC-NAMIRA-FEAST`, kill Eola at the feast, save Verulus, fight the hostile guests, record",guide_branch_route_cue,,HS-DAEDRIC-NAMIRA-FEAST; HS-MARKARTH-CIDHNA-ARREST; HS-MOLAG-LOGROLF-FREED,"Markarth Prison, Daedric Rites, and Reach Redoubts",pass_branch_cue_has_save_and_reload,none,Branch cue appears in a section with explicit save and reload instructions.,TB-041 guide-local scan checks branch-route prose for continuity protection cues; it does not add gameplay facts.
guide_branch_cues,TB041-GUIDE-L1240,drafts/final-guide/main-guide-v1.md,The Black Star and Ilinalta's Deep,"6. Branch route first: return to Aranea at the Shrine of Azura, give her the Broken Star, enter the Star through Azura, ",guide_branch_route_cue,,HS-DAEDRIC-BLACK-STAR,The Black Star and Ilinalta's Deep,pass_branch_cue_has_save_and_reload,none,Branch cue appears in a section with explicit save and reload instructions.,TB-041 guide-local scan checks branch-route prose for continuity protection cues; it does not add gameplay facts.
guide_branch_cues,TB041-GUIDE-L1404,drafts/final-guide/main-guide-v1.md,"College Errands, Arniel, Septimus, and Aetherium","14. BRANCH ROUTE: craft the Aetherial Staff with the Aetherium Crest, two Dwarven Metal Ingots, one Gold Ingot, and two ",guide_branch_route_cue,,HS-AETHERIUM-FORGE,"College Errands, Arniel, Septimus, and Aetherium",pass_branch_cue_has_save_and_reload,none,Branch cue appears in a section with explicit save and reload instructions.,TB-041 guide-local scan checks branch-route prose for continuity protection cues; it does not add gameplay facts.
guide_branch_cues,TB041-GUIDE-L1405,drafts/final-guide/main-guide-v1.md,"College Errands, Arniel, Septimus, and Aetherium","15. BRANCH ROUTE: craft the Aetherial Shield with the Aetherium Crest, four Dwarven Metal Ingots, and two Refined Malach",guide_branch_route_cue,,HS-AETHERIUM-FORGE,"College Errands, Arniel, Septimus, and Aetherium",pass_branch_cue_has_save_and_reload,none,Branch cue appears in a section with explicit save and reload instructions.,TB-041 guide-local scan checks branch-route prose for continuity protection cues; it does not add gameplay facts.
guide_branch_cues,TB041-GUIDE-L1690,drafts/final-guide/main-guide-v1.md,Paarthurnax and Blades Branch,"2. BRANCH ROUTE: travel to the Throat of the World and kill Paarthurnax. Treat any dragon soul, bones, scales, or other ",guide_branch_route_cue,,HS-MQ-PAARTHURNAX,Paarthurnax and Blades Branch,pass_branch_cue_has_save_and_reload,none,Branch cue appears in a section with explicit save and reload instructions.,TB-041 guide-local scan checks branch-route prose for continuity protection cues; it does not add gameplay facts.
guide_branch_cues,TB041-GUIDE-L1711,drafts/final-guide/main-guide-v1.md,Dawnguard Fork and Volkihar Branch,"11. BRANCH ROUTE: accept Harkon's gift. Treat Vampire Lord, Volkihar membership, any lycanthropy cure, Volkihar services",guide_branch_route_cue,,HS-DG-BLOODLINE,Dawnguard Fork and Volkihar Branch,pass_branch_cue_has_save_and_reload,none,Branch cue appears in a section with explicit save and reload instructions.,TB-041 guide-local scan checks branch-route prose for continuity protection cues; it does not add gameplay facts.
guide_branch_cues,TB041-GUIDE-L1845,drafts/final-guide/main-guide-v1.md,Volkihar Finale Branch Continuation,"2. Load `HARD SAVE: HS-DG-BLOODLINE`. BRANCH ROUTE: accept Harkon's gift, complete the Vampire Lord tutorial enough to r",guide_branch_route_cue,,HS-DG-BLOODLINE; HS-DG-MAIN-RETURN,Volkihar Finale Branch Continuation,pass_branch_cue_has_save_and_reload,none,Branch cue appears in a section with explicit save and reload instructions.,TB-041 guide-local scan checks branch-route prose for continuity protection cues; it does not add gameplay facts.
guide_branch_cues,TB041-GUIDE-L2002,drafts/final-guide/main-guide-v1.md,"Vahlok's Tomb, Riekling Roads, and Thirsk",18. Branch route from `HS-DRAGONBORN-THIRSK-CHOICE`: go to Thirsk Mead Hall and speak to the Riekling Chief. Feed Bilgem,guide_branch_route_cue,,HS-DRAGONBORN-THIRSK-CHOICE,"Vahlok's Tomb, Riekling Roads, and Thirsk",pass_branch_cue_has_save_and_reload,none,Branch cue appears in a section with explicit save and reload instructions.,TB-041 guide-local scan checks branch-route prose for continuity protection cues; it does not add gameplay facts.
guide_branch_cues,TB041-GUIDE-L2075,drafts/final-guide/main-guide-v1.md,Kolbjorn Excavation and Raven Rock West,23. Make `HARD SAVE: HS-DRAGONBORN-UNEARTHED-RALIS` before choosing Ralis's fate. Branch route first: tell Ralis you can,guide_branch_route_cue,,HS-DRAGONBORN-KOLBJORN-FUND-1; HS-DRAGONBORN-KOLBJORN-FUND-2; HS-DRAGONBORN-KOLBJORN-FUND-3; HS-DRAGONBORN-KOLBJORN-FUND-4; HS-DRAGONBORN-KOLBJORN-RETURN-1; HS-DRAGONBORN-KOLBJORN-RETURN-2; HS-DRAGONBORN-KOLBJORN-RETURN-3; HS-DRAGONBORN-KOLBJORN-RETURN-4; HS-DRAGONBORN-UNEARTHED-RALIS,Kolbjorn Excavation and Raven Rock West,pass_branch_cue_has_save_and_reload,none,Branch cue appears in a section with explicit save and reload instructions.,TB-041 guide-local scan checks branch-route prose for continuity protection cues; it does not add gameplay facts.
guide_branch_cues,TB041-GUIDE-L2106,drafts/final-guide/main-guide-v1.md,Ghosts of the Tribunal and Trueflame,"3. Branch route: remove the disguise or openly attack the heretics, then clear the temple faithful in Ashfall's Tear. Th",guide_branch_route_cue,,HS-AE-GHOSTS-PROPAGANDA; HS-AE-GHOSTS-TEMPLE,Ghosts of the Tribunal and Trueflame,pass_branch_cue_has_save_and_reload,none,Branch cue appears in a section with explicit save and reload instructions.,TB-041 guide-local scan checks branch-route prose for continuity protection cues; it does not add gameplay facts.
guide_branch_cues,TB041-GUIDE-L2112,drafts/final-guide/main-guide-v1.md,Ghosts of the Tribunal and Trueflame,"9. Branch route: give the translated letters to the Reclamation Priest in Raven Rock Temple. Complete `Buyer Beware`, `C",guide_branch_route_cue,,HS-AE-GHOSTS-PROPAGANDA; HS-AE-GHOSTS-TEMPLE,Ghosts of the Tribunal and Trueflame,pass_branch_cue_has_save_and_reload,none,Branch cue appears in a section with explicit save and reload instructions.,TB-041 guide-local scan checks branch-route prose for continuity protection cues; it does not add gameplay facts.
guide_branch_cues,TB041-GUIDE-L2136,drafts/final-guide/main-guide-v1.md,"Bittercup, the Pit, and Fortunate Son","7. Branch route: choose the bowl of Power, sleep at the nearby bedroll, and complete `The Pit`. In the starting dungeon,",guide_branch_route_cue,,HS-AE-BITTERCUP-ALTAR,"Bittercup, the Pit, and Fortunate Son",pass_branch_cue_has_save_and_reload,none,Branch cue appears in a section with explicit save and reload instructions.,TB-041 guide-local scan checks branch-route prose for continuity protection cues; it does not add gameplay facts.
guide_branch_cues,TB041-GUIDE-L2138,drafts/final-guide/main-guide-v1.md,"Bittercup, the Pit, and Fortunate Son",9. Branch route: choose the bowl of Nothing and return to Falkreath until the courier gives you `Note from the Temple of,guide_branch_route_cue,,HS-AE-BITTERCUP-ALTAR,"Bittercup, the Pit, and Fortunate Son",pass_branch_cue_has_save_and_reload,none,Branch cue appears in a section with explicit save and reload instructions.,TB-041 guide-local scan checks branch-route prose for continuity protection cues; it does not add gameplay facts.
guide_branch_cues,TB041-GUIDE-L2261,drafts/final-guide/main-guide-v1.md,"Saints, Seducers, and Atronach Forge Tomes",18. Branch route: give Staada the Sword of Jyggalag and receive Staada's Helmet. Record the helmet outcome on the branch,guide_branch_route_cue,,HS-AE-STAADA-HELMET,"Saints, Seducers, and Atronach Forge Tomes",pass_branch_cue_has_save_and_reload,none,Branch cue appears in a section with explicit save and reload instructions.,TB-041 guide-local scan checks branch-route prose for continuity protection cues; it does not add gameplay facts.
guide_branch_cues,TB041-GUIDE-L2265,drafts/final-guide/main-guide-v1.md,"Saints, Seducers, and Atronach Forge Tomes",22. Make a rotating manual save before using the Sheogorath-Shaped Amber. Branch route: put the Sheogorath-Shaped Amber ,guide_branch_route_cue,,HS-AE-STAADA-HELMET,"Saints, Seducers, and Atronach Forge Tomes",pass_branch_cue_has_save_and_reload,none,Branch cue appears in a section with explicit save and reload instructions.,TB-041 guide-local scan checks branch-route prose for continuity protection cues; it does not add gameplay facts.
spoiler_discipline,TB041-SPOILER-001,drafts/final-guide/main-guide-v1.md,Full guide,Narrative-spoiler phrase scan,spoiler_phrase_scan,,,Full guide,pass_spoiler_phrase_scan,none,No curated spoiler phrases found.,"The scan avoids broad terms such as lore, secret, and plot because the guide uses those mechanically."
spoiler_discipline,TB041-SPOILER-002,drafts/final-guide/main-guide-v1.md,Full guide,Mechanical branch language,branch_language_scan,,,Full guide,pass_mechanical_branch_language_present,none,branch route: 18; reload: 148; branch-experienced: 6.,TB-041 checks that branch prose is framed as player-facing route mechanics rather than hidden coverage accounting.
