checklist_id,checklist_tab,checklist_entry,category,objective_id,matched_objective_name,coverage_matrix_guide_location,raw_group,raw_detail,source_note_refs,source_note_status,missing_source_refs,guide_name_match,internal_checklist_coverage_row_count,internal_objective_coverage_row_count,audit_status,coverage_statuses,completion_statuses,guide_locations,recommended_action,notes
CHK-QUESTS-0388,Quests,The Words of Power,quest,OBJ-000317,The Words of Power,TB-031A/TB-031B/TB-036,High Hrothgar,Follow the Greybeards' advice to learn a Word of Power. | Giver: High Hrothgar,SN-000024-misc-reach-rift-whiterun-winterhold-inventory.md | SN-000022-hero-of-the-people-misc-objective-caveats.md,all_found,,Y,1,2,appendix_row_covered,not_started_here,staged_for_all_word_wall_route,Main Quest Staging Before Sky Haven,none,
CHK-QUESTS-0534,Quests,Skaal Village Dialogue,quest,OBJ-000439,Skaal Village Dialogue,TB-031A/TB-031B/TB-036,Skaal Village Quests,Take Bera's necklace to Runil in Falkreath. | Giver: Morwen,SN-000032-dragonborn-side-misc-inventory.md,all_found,,Y,3,3,appendix_row_covered,held_for_later | retrospectively_inserted_completed | retrospectively_inserted_started,complete | in_progress_to_mr059 | staged_for_mr058_mr059_skaal_to_falkreath_handoff,"Bittercup, The Pit, And Fortunate Son | Miraak Finale, Lost Knowledge, And Last Black Books | Temple Of Miraak, Skaal, And Stalhrim",none,
CHK-LOCATIONS-1074,Locations,Giant's Grove,location,OBJ-002050,Reconcile Giant's Grove Cleared Marker,TB-031A/TB-031B/TB-036,Grove,"Type: Grove | Region: The Rift | States: {'discovered': 'N', 'visited': 'N', 'cleared': 'N'}",SN-000077-clearable-location-inventory.md | SN-000079-location-marker-gap-reconciliation.md,all_found,,Y,1,1,appendix_row_covered,redistributed_or_gated,redistributed_or_staged_by_route_gate,Retrospective redistributed regional sections; no player-facing Location Counter Sweep dump,none,
CHK-LOCATIONS-1251,Locations,Sundered Towers,location,OBJ-002167,Reconcile Sundered Towers Cleared Marker,TB-031A/TB-031B/TB-036,Nordic Tower,"Type: Nordic Tower | Region: The Reach | States: {'discovered': 'N', 'visited': 'N', 'cleared': '-'}",SN-000077-clearable-location-inventory.md | SN-000079-location-marker-gap-reconciliation.md,all_found,,Y,1,1,appendix_row_covered,redistributed_or_gated,redistributed_or_staged_by_route_gate,Retrospective redistributed regional sections; no player-facing Location Counter Sweep dump,none,
CHK-LOCATIONS-1400,Locations,Gallows Hall,location,OBJ-002413,Validate AE Location Coverage: Gallows Hall,TB-031A/TB-031B/TB-036,Player Housing,"Type: Player Housing | Region: Eastmarch | States: {'discovered': 'N', 'visited': 'N', 'cleared': '-'}",SN-000079-location-marker-gap-reconciliation.md | SN-000128-location-route-validation.md,all_found,,Y,0,1,appendix_row_covered_by_mapped_objective,placed_in_guide,complete,Windhelm Follow-Up And Eastmarch Roads,none,
CHK-LOCATIONS-1402,Locations,Mythic Dawn Camp,location,OBJ-002418,Validate AE Location Coverage: Mythic Dawn Camp,TB-031A/TB-031B/TB-036,Camp,"Type: Camp | Region: The Rift | States: {'discovered': 'N', 'visited': 'N', 'cleared': '-'}",SN-000079-location-marker-gap-reconciliation.md | SN-000128-location-route-validation.md,all_found,,Y,1,1,appendix_row_covered,placed_in_guide,complete,High-Risk AE Routes and Separate Worldspaces,none,
CHK-LOCATIONS-1403,Locations,Nchuanthumz,location,OBJ-002419,Validate AE Location Coverage: Nchuanthumz,TB-031A/TB-031B/TB-036,Player Housing,"Type: Player Housing | Region: Eastmarch | States: {'discovered': 'N', 'visited': 'N', 'cleared': '-'}",SN-000079-location-marker-gap-reconciliation.md | SN-000128-location-route-validation.md,all_found,,Y,1,1,appendix_row_covered,appendix_location_promoted,complete,Homes Household Services Pets And Mounts,none,
CHK-LOCATIONS-1405,Locations,Rielle,location,OBJ-002422,Validate AE Location Coverage: Rielle,TB-031A/TB-031B/TB-036,Ayeleid Ruin,"Type: Ayeleid Ruin | Region: The Rift | States: {'discovered': 'N', 'visited': 'N', 'cleared': '-'}",SN-000079-location-marker-gap-reconciliation.md | SN-000128-location-route-validation.md,all_found,,Y,1,1,appendix_row_covered,placed_in_guide,complete,High-Risk AE Routes and Separate Worldspaces,none,
CHK-LOCATIONS-1413,Locations,The Guardian Vault,location,OBJ-002415,Validate AE Location Coverage: The Guardian Vault,TB-031A/TB-031B/TB-036,Ruin,"Type: Ruin | Region: The Rift | States: {'discovered': 'N', 'visited': 'N', 'cleared': 'N'}",SN-000079-location-marker-gap-reconciliation.md | SN-000128-location-route-validation.md,all_found,,Y,0,1,appendix_row_covered_by_mapped_objective,needs_route_resolution_added,NEEDS ROUTE RESOLUTION,Final Reconciliation open route-resolution items,none,
CHK-LOCATIONS-1414,Locations,Blackbone Isle Grotto,location,OBJ-002409,Validate AE Location Coverage: Blackbone Isle Grotto,TB-031A/TB-031B/TB-036,Cave,"Type: Cave | Region: Haafingar | States: {'discovered': 'N', 'visited': 'N', 'cleared': 'N'}",SN-000079-location-marker-gap-reconciliation.md | SN-000128-location-route-validation.md,all_found,,Y,0,1,appendix_row_covered_by_mapped_objective,appendix_location_promoted_to_guide,complete,Homes Household Services Pets And Mounts,none,
CHK-LOCATIONS-1415,Locations,Dead Man's Dread,location,OBJ-002410,Validate AE Location Coverage: Dead Man's Dread,TB-031A/TB-031B/TB-036,Ship,"Type: Ship | Region: Haafingar | States: {'discovered': 'N', 'visited': 'N', 'cleared': '-'}",SN-000079-location-marker-gap-reconciliation.md | SN-000128-location-route-validation.md,all_found,,Y,1,1,appendix_row_covered,appendix_location_promoted,complete,Homes Household Services Pets And Mounts,none,
CHK-LOCATIONS-1417,Locations,Solitude Sewers,location,OBJ-002424,Validate AE Location Coverage: Solitude Sewers,TB-031A/TB-031B/TB-036,Root Tunnels,"Type: Root Tunnels | Region: Haafingar | States: {'discovered': 'N', 'visited': 'N', 'cleared': '-'}",SN-000079-location-marker-gap-reconciliation.md | SN-000128-location-route-validation.md,all_found,,Y,0,1,appendix_row_covered_by_mapped_objective,appendix_location_promoted_to_guide,complete,"Saints, Seducers, and Atronach Forge Tomes",none,
CHK-MERCHANTS-1421,Merchants,Madena,merchant_reference,,,TB-031B/TB-036 merchant appendix,Dawnstar,Region: Dawnstar | Store: The White Hall | Merchandise: Spells | Investable: No | Master Trader: Yes,,no_refs,,Y,1,0,appendix_row_covered,appendix_reference_promoted_to_guide,guide_reference_represented,Final Reconciliation route and merchant reference surfaces,none,
CHK-MERCHANTS-1422,Merchants,Thoring,merchant_reference,,,TB-031B/TB-036 merchant appendix,Dawnstar,Partner: (Karita) | Region: Dawnstar | Store: Windpeak Inn | Merchandise: Innkeeper | Investable: No | Master Trader: No,,no_refs,,Y,1,0,appendix_row_covered,appendix_reference_promoted_to_guide,guide_reference_represented,Final Reconciliation route and merchant reference surfaces,none,
CHK-MERCHANTS-1423,Merchants,Hadring,merchant_reference,,,TB-031B/TB-036 merchant appendix,Dawnstar - Nightgate Inn,Region: Dawnstar - Nightgate Inn | Store: Nightgate Inn | Merchandise: Innkeeper | Investable: No | Master Trader: No,,no_refs,,Y,1,0,appendix_row_covered,appendix_reference_promoted_to_guide,guide_reference_represented,Final Reconciliation route and merchant reference surfaces,none,
CHK-MERCHANTS-1424,Merchants,Valga Vinicia,merchant_reference,,,TB-031B/TB-036 merchant appendix,Falkreath,Region: Falkreath | Store: Dead Man's Drink | Merchandise: Innkeeper | Investable: No | Master Trader: No,,no_refs,,Y,1,0,appendix_row_covered,appendix_reference_promoted_to_guide,guide_reference_represented,Final Reconciliation route and merchant reference surfaces,none,
CHK-MERCHANTS-1425,Merchants,Zaria,merchant_reference,,,TB-031B/TB-036 merchant appendix,Falkreath,Region: Falkreath | Store: Grave Concoctions | Merchandise: Apothecary | Investable: No | Master Trader: Yes,,no_refs,,Y,1,0,appendix_row_covered,appendix_reference_promoted_to_guide,guide_reference_represented,Final Reconciliation route and merchant reference surfaces,none,
CHK-MERCHANTS-1427,Merchants,Lod,merchant_reference,,,TB-031B/TB-036 merchant appendix,Falkreath,Region: Falkreath | Store: Lod's House | Merchandise: Blacksmith | Investable: No | Master Trader: Yes,,no_refs,,Y,1,0,appendix_row_covered,appendix_reference_promoted_to_guide,guide_reference_represented,Final Reconciliation route and merchant reference surfaces,none,
CHK-MERCHANTS-1428,Merchants,Babette,merchant_reference,,,TB-031B/TB-036 merchant appendix,Falkreath,Region: Falkreath | Store: The Dark Brotherhood Sanctuary | Merchandise: Apothecary (also buys Tools) | Investable: No | Master Trader: Yes,,no_refs,,Y,1,0,appendix_row_covered,audited_not_routed_here,appendix_or_training_later,Cicero Aventus And The Sanctuary Door,none,
CHK-MERCHANTS-1430,Merchants,Ghorza gra-Bagol*,merchant_reference,,,TB-031B/TB-036 merchant appendix,Markarth,Partner: (Tacitus Sallustius) | Region: Markarth | Store: At the forge near The Hag's Cure or in Understone Keep | Merchandise: Blacksmith | Investable: No* | Master Trader: Yes,,no_refs,,Y,1,0,appendix_row_covered,appendix_reference_promoted_to_guide,guide_reference_represented,Final Reconciliation route and merchant reference surfaces,none,
CHK-MERCHANTS-1431,Merchants,Endon,merchant_reference,,,TB-031B/TB-036 merchant appendix,Markarth,Region: Markarth | Store: Endon's House | Merchandise: Fence | Investable: No | Master Trader: Yes,,no_refs,,Y,1,0,appendix_row_covered,service_unlocked,service_available,Guild Restoration And Amulet Of Articulation,none,
CHK-MERCHANTS-1432,Merchants,Anton Virane,merchant_reference,,,TB-031B/TB-036 merchant appendix,Markarth,Region: Markarth | Store: In Understone Keep | Merchandise: Innkeeper | Investable: No | Master Trader: No,,no_refs,,Y,1,0,appendix_row_covered,appendix_reference_promoted_to_guide,guide_reference_represented,Final Reconciliation route and merchant reference surfaces,none,
CHK-MERCHANTS-1435,Merchants,Hogni Red-Arm,merchant_reference,,,TB-031B/TB-036 merchant appendix,Markarth,Region: Markarth | Store: Marketplace Stall | Merchandise: Innkeeper | Investable: No | Master Trader: No,,no_refs,,Y,1,0,appendix_row_covered,appendix_reference_promoted_to_guide,guide_reference_represented,Final Reconciliation route and merchant reference surfaces,none,
CHK-MERCHANTS-1436,Merchants,Kerah,merchant_reference,,,TB-031B/TB-036 merchant appendix,Markarth,Region: Markarth | Store: Marketplace Stall | Merchandise: Jeweler | Investable: No | Master Trader: No,,no_refs,,Y,1,0,appendix_row_covered,appendix_reference_promoted_to_guide,guide_reference_represented,Final Reconciliation route and merchant reference surfaces,none,
CHK-MERCHANTS-1437,Merchants,Kleppr,merchant_reference,,,TB-031B/TB-036 merchant appendix,Markarth,Partner: (Frabbi) | Region: Markarth | Store: Silver-Blood Inn | Merchandise: Innkeeper | Investable: No | Master Trader: No,,no_refs,,Y,1,0,appendix_row_covered,appendix_reference_promoted_to_guide,guide_reference_represented,Final Reconciliation route and merchant reference surfaces,none,
CHK-MERCHANTS-1439,Merchants,Gharol,merchant_reference,,,TB-031B/TB-036 merchant appendix,Markarth - Dushnikh Yal,Region: Markarth - Dushnikh Yal | Store: at Burguk's Longhouse | Merchandise: Blacksmith | Investable: No | Master Trader: Yes,,no_refs,,Y,1,0,appendix_row_covered,appendix_reference_promoted_to_guide,guide_reference_represented,Final Reconciliation route and merchant reference surfaces,none,
CHK-MERCHANTS-1440,Merchants,Murbul,merchant_reference,,,TB-031B/TB-036 merchant appendix,Markarth - Dushnikh Yal,Region: Markarth - Dushnikh Yal | Store: at Burguk's Longhouse | Merchandise: Apothecary | Investable: No | Master Trader: Yes,,no_refs,,Y,1,0,appendix_row_covered,appendix_reference_promoted_to_guide,guide_reference_represented,Final Reconciliation route and merchant reference surfaces,none,
CHK-MERCHANTS-1441,Merchants,Sharamph,merchant_reference,,,TB-031B/TB-036 merchant appendix,Markarth - Mor Khazgur,Region: Markarth - Mor Khazgur | Store: at Larak's Longhouse | Merchandise: Apothecary | Investable: No | Master Trader: Yes,,no_refs,,Y,1,0,appendix_row_covered,appendix_reference_promoted_to_guide,guide_reference_represented,Final Reconciliation route and merchant reference surfaces,none,
CHK-MERCHANTS-1442,Merchants,Shuftharz,merchant_reference,,,TB-031B/TB-036 merchant appendix,Markarth - Mor Khazgur,Region: Markarth - Mor Khazgur | Store: at Larak's Longhouse | Merchandise: Blacksmith | Investable: No | Master Trader: Yes,,no_refs,,Y,1,0,appendix_row_covered,service_used,support_reference_handled,Fort Dawnguard Recruits Prophet And Lost Relics,none,
CHK-MERCHANTS-1443,Merchants,Eydis,merchant_reference,,,TB-031B/TB-036 merchant appendix,Markarth - Old Hroldan Inn,Partner: (Leontius Salvius) | Region: Markarth - Old Hroldan Inn | Store: Old Hroldan Inn | Merchandise: Innkeeper | Investable: No | Master Trader: No,,no_refs,,Y,1,0,appendix_row_covered,appendix_reference_promoted_to_guide,guide_reference_represented,Final Reconciliation route and merchant reference surfaces,none,
CHK-MERCHANTS-1444,Merchants,Falion,merchant_reference,,,TB-031B/TB-036 merchant appendix,Morthal,Region: Morthal | Store: Falion's House | Merchandise: Spells; sells 1 Black Soul Gem | Investable: No | Master Trader: Yes,,no_refs,,Y,1,0,appendix_row_covered,appendix_reference_promoted_to_guide,guide_reference_represented,Final Reconciliation route and merchant reference surfaces,none,
CHK-MERCHANTS-1445,Merchants,Jonna,merchant_reference,,,TB-031B/TB-036 merchant appendix,Morthal,Region: Morthal | Store: Moorside Inn | Merchandise: Innkeeper | Investable: No | Master Trader: No,,no_refs,,Y,1,0,appendix_row_covered,appendix_reference_promoted_to_guide,guide_reference_represented,Final Reconciliation route and merchant reference surfaces,none,
CHK-MERCHANTS-1447,Merchants,Imperial Quartermaster,merchant_reference,,,TB-031B/TB-036 merchant appendix,Most Imperial camps,Region: Most Imperial camps | Merchandise: Blacksmith | Investable: No | Master Trader: No,,no_refs,,Y,1,0,appendix_row_covered,appendix_reference_promoted_to_guide,guide_reference_represented,Final Reconciliation route and merchant reference surfaces,none,
CHK-MERCHANTS-1448,Merchants,Stormcloak Quartermaster,merchant_reference,,,TB-031B/TB-036 merchant appendix,Most Stormcloak camps,Region: Most Stormcloak camps | Merchandise: Blacksmith | Investable: No | Master Trader: No,,no_refs,,Y,1,0,appendix_row_covered,appendix_reference_promoted_to_guide,guide_reference_represented,Final Reconciliation route and merchant reference surfaces,none,
CHK-MERCHANTS-1449,Merchants,Hunter,merchant_reference,,,TB-031B/TB-036 merchant appendix,Randomly anywhere in the wilderness,"Region: Randomly anywhere in the wilderness | Merchandise: Meat, Hides | Investable: No | Master Trader: No",,no_refs,,Y,1,0,appendix_row_covered,appendix_reference_promoted_to_guide,guide_reference_represented,Final Reconciliation route and merchant reference surfaces,none,
CHK-MERCHANTS-1450,Merchants,Skooma Dealer,merchant_reference,,,TB-031B/TB-036 merchant appendix,Randomly anywhere in the wilderness,"Region: Randomly anywhere in the wilderness | Merchandise: Moon Sugar, Skooma, Sleeping Tree Sap | Investable: No | Master Trader: No",,no_refs,,Y,1,0,appendix_row_covered,appendix_reference_promoted_to_guide,guide_reference_represented,Final Reconciliation route and merchant reference surfaces,none,
CHK-MERCHANTS-1451,Merchants,Peddler,merchant_reference,,,TB-031B/TB-036 merchant appendix,Randomly anywhere in the wilderness (being attacked by bandits or Forsworn),Region: Randomly anywhere in the wilderness (being attacked by bandits or Forsworn) | Merchandise: General Goods | Investable: No | Master Trader: No,,no_refs,,Y,1,0,appendix_row_covered,appendix_reference_promoted_to_guide,guide_reference_represented,Final Reconciliation route and merchant reference surfaces,none,
CHK-MERCHANTS-1452,Merchants,Ungrien,merchant_reference,,,TB-031B/TB-036 merchant appendix,Riften,Region: Riften | Store: Black-Briar Meadery | Merchandise: Innkeeper | Investable: No | Master Trader: No,,no_refs,,Y,1,0,appendix_row_covered,appendix_reference_promoted_to_guide,guide_reference_represented,Final Reconciliation route and merchant reference surfaces,none,
CHK-MERCHANTS-1455,Merchants,Brand-Shei,merchant_reference,,,TB-031B/TB-036 merchant appendix,Riften,Region: Riften | Store: Marketplace Stall | Merchandise: General | Investable: No | Master Trader: Yes,,no_refs,,Y,1,0,appendix_row_covered,appendix_reference_promoted_to_guide,guide_reference_represented,Final Reconciliation route and merchant reference surfaces,none,
CHK-MERCHANTS-1456,Merchants,Grelka,merchant_reference,,,TB-031B/TB-036 merchant appendix,Riften,Region: Riften | Store: Marketplace Stall | Merchandise: General | Investable: No | Master Trader: Yes,,no_refs,,Y,1,0,appendix_row_covered,appendix_reference_promoted_to_guide,guide_reference_represented,Final Reconciliation route and merchant reference surfaces,none,
CHK-MERCHANTS-1457,Merchants,Madesi,merchant_reference,,,TB-031B/TB-036 merchant appendix,Riften,Region: Riften | Store: Marketplace Stall | Merchandise: Jeweler | Investable: No | Master Trader: No,,no_refs,,Y,1,0,appendix_row_covered,appendix_reference_promoted_to_guide,guide_reference_represented,Final Reconciliation route and merchant reference surfaces,none,
CHK-MERCHANTS-1458,Merchants,Marise Aravel,merchant_reference,,,TB-031B/TB-036 merchant appendix,Riften,Region: Riften | Store: Marketplace Stall | Merchandise: General | Investable: No | Master Trader: No,,no_refs,,Y,1,0,appendix_row_covered,appendix_reference_promoted_to_guide,guide_reference_represented,Final Reconciliation route and merchant reference surfaces,none,
CHK-MERCHANTS-1460,Merchants,Keerava,merchant_reference,,,TB-031B/TB-036 merchant appendix,Riften,Partner: Talen-Jei | Region: Riften | Store: The Bee and Barb | Merchandise: Innkeeper | Investable: No | Master Trader: No,,no_refs,,Y,1,0,appendix_row_covered,appendix_reference_promoted_to_guide,guide_reference_represented,Final Reconciliation route and merchant reference surfaces,none,
CHK-MERCHANTS-1461,Merchants,Arnskar Ember-Master,merchant_reference,,,TB-031B/TB-036 merchant appendix,Riften,Region: Riften | Store: The Ragged Flagon | Merchandise: Blacksmith | Investable: No | Master Trader: Yes,,no_refs,,Y,1,0,appendix_row_covered,service_unlocked,service_available,Guild Restoration And Amulet Of Articulation,none,
CHK-MERCHANTS-1462,Merchants,Herluin Lothaire,merchant_reference,,,TB-031B/TB-036 merchant appendix,Riften,Region: Riften | Store: The Ragged Flagon | Merchandise: Apothecary | Investable: No | Master Trader: Yes,,no_refs,,Y,1,0,appendix_row_covered,service_unlocked,service_available,Guild Restoration And Amulet Of Articulation,none,
CHK-MERCHANTS-1463,Merchants,Syndus,merchant_reference,,,TB-031B/TB-036 merchant appendix,Riften,Region: Riften | Store: The Ragged Flagon | Merchandise: Blacksmith | Investable: No | Master Trader: Yes,,no_refs,,Y,1,0,appendix_row_covered,service_unlocked,service_available,Guild Restoration And Amulet Of Articulation,none,
CHK-MERCHANTS-1464,Merchants,Tonilia,merchant_reference,,,TB-031B/TB-036 merchant appendix,Riften,Region: Riften | Store: The Ragged Flagon | Merchandise: Fence | Investable: No | Master Trader: Yes,,no_refs,,Y,1,0,appendix_row_covered,appendix_reference_promoted_to_guide,guide_reference_represented,Final Reconciliation route and merchant reference surfaces,none,
CHK-MERCHANTS-1465,Merchants,Vanryth Gatharian,merchant_reference,,,TB-031B/TB-036 merchant appendix,Riften,Region: Riften | Store: The Ragged Flagon | Merchandise: Blacksmith | Investable: No | Master Trader: Yes,,no_refs,,Y,1,0,appendix_row_covered,service_unlocked,service_available,Guild Restoration And Amulet Of Articulation,none,
CHK-MERCHANTS-1466,Merchants,Vekel the Man,merchant_reference,,,TB-031B/TB-036 merchant appendix,Riften,Partner: (Dirge) | Region: Riften | Store: The Ragged Flagon | Merchandise: Innkeeper | Investable: No | Master Trader: No,,no_refs,,Y,1,0,appendix_row_covered,appendix_reference_promoted_to_guide,guide_reference_represented,Final Reconciliation route and merchant reference surfaces,none,
CHK-MERCHANTS-1469,Merchants,Gunmar,merchant_reference,,,TB-031B/TB-036 merchant appendix,Riften - Fort Dawnguard,Region: Riften - Fort Dawnguard | Merchandise: Blacksmith | Investable: No | Master Trader: No,,no_refs,,Y,1,0,appendix_row_covered,appendix_reference_promoted_to_guide,guide_reference_represented,Final Reconciliation route and merchant reference surfaces,none,
CHK-MERCHANTS-1470,Merchants,Sorine Jurard,merchant_reference,,,TB-031B/TB-036 merchant appendix,Riften - Fort Dawnguard,Region: Riften - Fort Dawnguard | Merchandise: General | Investable: No | Master Trader: No,,no_refs,,Y,1,0,appendix_row_covered,appendix_reference_promoted_to_guide,guide_reference_represented,Final Reconciliation route and merchant reference surfaces,none,
CHK-MERCHANTS-1471,Merchants,Wilhelm,merchant_reference,,,TB-031B/TB-036 merchant appendix,Riften - Ivarstead,Region: Riften - Ivarstead | Store: Vilemyr Inn | Merchandise: Innkeeper | Investable: No | Master Trader: No,,no_refs,,Y,1,0,appendix_row_covered,appendix_reference_promoted_to_guide,guide_reference_represented,Final Reconciliation route and merchant reference surfaces,none,
CHK-MERCHANTS-1472,Merchants,Filnjar,merchant_reference,,,TB-031B/TB-036 merchant appendix,Riften - Shor's Stone,Region: Riften - Shor's Stone | Store: Filnjar's House | Merchandise: Blacksmith | Investable: No | Master Trader: Yes,,no_refs,,Y,1,0,appendix_row_covered,appendix_reference_promoted_to_guide,guide_reference_represented,Final Reconciliation route and merchant reference surfaces,none,
CHK-MERCHANTS-1473,Merchants,Angeline Morrard*,merchant_reference,,,TB-031B/TB-036 merchant appendix,Solitude,Partner: (Vivienne Onis) | Region: Solitude | Store: Angeline's Aromatics | Merchandise: Apothecary | Investable: No* | Master Trader: Yes,,no_refs,,Y,1,0,appendix_row_covered,appendix_reference_promoted_to_guide,guide_reference_represented,Final Reconciliation route and merchant reference surfaces,none,
CHK-MERCHANTS-1476,Merchants,Fihada*,merchant_reference,,,TB-031B/TB-036 merchant appendix,Solitude,"Partner: (Jawanan) | Region: Solitude | Store: Fletcher | Merchandise: Armor, Arrows, Tools, Weapons | Investable: No* | Master Trader: Yes",,no_refs,,Y,1,0,appendix_row_covered,appendix_reference_promoted_to_guide,guide_reference_represented,Final Reconciliation route and merchant reference surfaces,none,
CHK-MERCHANTS-1477,Merchants,Addvar,merchant_reference,,,TB-031B/TB-036 merchant appendix,Solitude,Partner: (Greta) | Region: Solitude | Store: Marketplace Stall | Merchandise: Innkeeper | Investable: No | Master Trader: Yes,,no_refs,,Y,1,0,appendix_row_covered,appendix_reference_promoted_to_guide,guide_reference_represented,Final Reconciliation route and merchant reference surfaces,none,
CHK-MERCHANTS-1478,Merchants,Evette San,merchant_reference,,,TB-031B/TB-036 merchant appendix,Solitude,Region: Solitude | Store: Marketplace Stall | Merchandise: Innkeeper | Investable: No | Master Trader: Yes,,no_refs,,Y,1,0,appendix_row_covered,appendix_reference_promoted_to_guide,guide_reference_represented,Final Reconciliation route and merchant reference surfaces,none,
CHK-MERCHANTS-1479,Merchants,Jala,merchant_reference,,,TB-031B/TB-036 merchant appendix,Solitude,Region: Solitude | Store: Marketplace Stall | Merchandise: Innkeeper | Investable: No | Master Trader: Yes,,no_refs,,Y,1,0,appendix_row_covered,appendix_reference_promoted_to_guide,guide_reference_represented,Final Reconciliation route and merchant reference surfaces,none,
CHK-MERCHANTS-1482,Merchants,Corpulus Vinius,merchant_reference,,,TB-031B/TB-036 merchant appendix,Solitude,Region: Solitude | Store: The Winking Skeever | Merchandise: Innkeeper | Investable: No | Master Trader: Yes,,no_refs,,Y,1,0,appendix_row_covered,appendix_reference_promoted_to_guide,guide_reference_represented,Final Reconciliation route and merchant reference surfaces,none,
CHK-MERCHANTS-1483,Merchants,Gulum-Ei,merchant_reference,,,TB-031B/TB-036 merchant appendix,Solitude,Region: Solitude | Store: The Winking Skeever | Merchandise: Fence | Investable: No | Master Trader: Yes,,no_refs,,Y,1,0,appendix_row_covered,service_preserved,service_available,Goldenglow Honningbrew Solitude And Snow Veil,none,
CHK-MERCHANTS-1484,Merchants,Faida,merchant_reference,,,TB-031B/TB-036 merchant appendix,Solitude - Dragon Bridge,Region: Solitude - Dragon Bridge | Store: Four Shields Tavern | Merchandise: Innkeeper | Investable: No | Master Trader: No,,no_refs,,Y,1,0,appendix_row_covered,appendix_reference_promoted_to_guide,guide_reference_represented,Final Reconciliation route and merchant reference surfaces,none,
CHK-MERCHANTS-1485,Merchants,Feran Sadri,merchant_reference,,,TB-031B/TB-036 merchant appendix,Solitude - Volkihar Keep,Region: Solitude - Volkihar Keep | Merchandise: Apothecary | Investable: No | Master Trader: No,,no_refs,,Y,1,0,appendix_row_covered,appendix_reference_promoted_to_guide,guide_reference_represented,Final Reconciliation route and merchant reference surfaces,none,
CHK-MERCHANTS-1486,Merchants,Hestla,merchant_reference,,,TB-031B/TB-036 merchant appendix,Solitude - Volkihar Keep,Region: Solitude - Volkihar Keep | Merchandise: Blacksmith | Investable: No | Master Trader: No,,no_refs,,Y,1,0,appendix_row_covered,appendix_reference_promoted_to_guide,guide_reference_represented,Final Reconciliation route and merchant reference surfaces,none,
CHK-MERCHANTS-1487,Merchants,Ronthil,merchant_reference,,,TB-031B/TB-036 merchant appendix,Solitude - Volkihar Keep,Region: Solitude - Volkihar Keep | Merchandise: General | Investable: No | Master Trader: No,,no_refs,,Y,1,0,appendix_row_covered,appendix_reference_promoted_to_guide,guide_reference_represented,Final Reconciliation route and merchant reference surfaces,none,
CHK-MERCHANTS-1488,Merchants,Halbarn Iron-Fur,merchant_reference,,,TB-031B/TB-036 merchant appendix,Solstheim - Bujold's Retreat,Region: Solstheim - Bujold's Retreat | Store: Bujold's Retreat / Thirsk Mead Hall | Merchandise: Blacksmith | Investable: No | Master Trader: Yes,,no_refs,,Y,1,0,appendix_row_covered,placed_in_guide,complete,"Vahlok's Tomb, Riekling Roads, And Thirsk",none,
CHK-MERCHANTS-1489,Merchants,Falas Selvayn,merchant_reference,,,TB-031B/TB-036 merchant appendix,Solstheim - Ramshackle Trading Post,Region: Solstheim - Ramshackle Trading Post | Store: Ramshackle Trading Post | Merchandise: General | Investable: No | Master Trader: Yes,,no_refs,,Y,1,0,appendix_row_covered,appendix_reference_promoted_to_guide,guide_reference_represented,Final Reconciliation route and merchant reference surfaces,none,
CHK-MERCHANTS-1490,Merchants,Fethis Alor,merchant_reference,,,TB-031B/TB-036 merchant appendix,Solstheim - Raven Rock,Region: Solstheim - Raven Rock | Store: Alor House | Merchandise: General | Investable: No | Master Trader: Yes,,no_refs,,Y,1,0,appendix_row_covered,appendix_reference_promoted_to_guide,guide_reference_represented,Final Reconciliation route and merchant reference surfaces,none,
CHK-MERCHANTS-1492,Merchants,Garyn Ienth,merchant_reference,,,TB-031B/TB-036 merchant appendix,Solstheim - Raven Rock,Region: Solstheim - Raven Rock | Store: Ienth Farm | Merchandise: Innkeeper | Investable: No | Master Trader: No,,no_refs,,Y,1,0,appendix_row_covered,appendix_reference_promoted_to_guide,guide_reference_represented,Final Reconciliation route and merchant reference surfaces,none,
CHK-MERCHANTS-1493,Merchants,Milore Ienth,merchant_reference,,,TB-031B/TB-036 merchant appendix,Solstheim - Raven Rock,Region: Solstheim - Raven Rock | Store: Ienth Farm | Merchandise: Apothecary | Investable: No | Master Trader: Yes,,no_refs,,Y,1,0,appendix_row_covered,appendix_reference_promoted_to_guide,guide_reference_represented,Final Reconciliation route and merchant reference surfaces,none,
CHK-MERCHANTS-1494,Merchants,Geldis Sadri,merchant_reference,,,TB-031B/TB-036 merchant appendix,Solstheim - Raven Rock,Region: Solstheim - Raven Rock | Store: The Retching Netch | Merchandise: Innkeeper | Investable: No | Master Trader: No,,no_refs,,Y,1,0,appendix_row_covered,appendix_reference_promoted_to_guide,guide_reference_represented,Final Reconciliation route and merchant reference surfaces,none,
CHK-MERCHANTS-1495,Merchants,Baldor Iron-Shaper,merchant_reference,,,TB-031B/TB-036 merchant appendix,Solstheim - Skaal Village,Region: Solstheim - Skaal Village | Store: Baldor Iron-Shaper's House | Merchandise: Blacksmith | Investable: No | Master Trader: *,,no_refs,,Y,1,0,appendix_row_covered,appendix_reference_promoted_to_guide,guide_reference_represented,Final Reconciliation route and merchant reference surfaces,none,
CHK-MERCHANTS-1496,Merchants,Edla,merchant_reference,,,TB-031B/TB-036 merchant appendix,Solstheim - Skaal Village,Region: Solstheim - Skaal Village | Store: Edla's House | Merchandise: Apothecary | Investable: No | Master Trader: No,,no_refs,,Y,1,0,appendix_row_covered,appendix_reference_promoted_to_guide,guide_reference_represented,Final Reconciliation route and merchant reference surfaces,none,
CHK-MERCHANTS-1497,Merchants,Neloth,merchant_reference,,,TB-031B/TB-036 merchant appendix,Solstheim - Tel Mithryn,Region: Solstheim - Tel Mithryn | Store: Tel Mithryn | Merchandise: Staves & Spells | Investable: No | Master Trader: Yes,,no_refs,,Y,1,0,appendix_row_covered,placed_in_guide,complete,"Tel Mithryn, Nchardak, And Kagrumez",none,
CHK-MERCHANTS-1498,Merchants,Revus Sarvani,merchant_reference,,,TB-031B/TB-036 merchant appendix,Solstheim - Tel Mithryn,Region: Solstheim - Tel Mithryn | Store: Tel Mithryn | Merchandise: General | Investable: No | Master Trader: No,,no_refs,,Y,1,0,appendix_row_covered,placed_in_guide,complete,"Tel Mithryn, Nchardak, And Kagrumez",none,
CHK-MERCHANTS-1499,Merchants,Talvas Fathryon,merchant_reference,,,TB-031B/TB-036 merchant appendix,Solstheim - Tel Mithryn,Region: Solstheim - Tel Mithryn | Store: Tel Mithryn | Merchandise: Spells | Investable: No | Master Trader: Yes,,no_refs,,Y,1,0,appendix_row_covered,placed_in_guide,complete,"Tel Mithryn, Nchardak, And Kagrumez",none,
CHK-MERCHANTS-1500,Merchants,Elynea Mothren,merchant_reference,,,TB-031B/TB-036 merchant appendix,Solstheim - Tel Mithryn,Region: Solstheim - Tel Mithryn | Store: Tel Mithryn Apothecary | Merchandise: Apothecary | Investable: No | Master Trader: Yes,,no_refs,,Y,1,0,appendix_row_covered,placed_in_guide,complete,"Tel Mithryn, Nchardak, And Kagrumez",none,
CHK-MERCHANTS-1502,Merchants,Zaynabi,merchant_reference,,,TB-031B/TB-036 merchant appendix,Traveling - Dawnstar or Riften,Region: Traveling - Dawnstar or Riften | Store: khajiit Traders | Merchandise: Fence | Investable: No | Master Trader: Yes,,no_refs,,Y,1,0,appendix_row_covered,service_unlocked,service_available,Guild Restoration And Amulet Of Articulation,none,
CHK-MERCHANTS-1503,Merchants,Atahbah,merchant_reference,,,TB-031B/TB-036 merchant appendix,Traveling - Markarth or Whiterun,Region: Traveling - Markarth or Whiterun | Store: khajiit Traders | Merchandise: Fence | Investable: No | Master Trader: Yes,,no_refs,,Y,1,0,appendix_row_covered,service_unlocked,service_available,Guild Restoration And Amulet Of Articulation,none,
CHK-MERCHANTS-1506,Merchants,Ma'jhad,merchant_reference,,,TB-031B/TB-036 merchant appendix,Traveling - Solitude or Windhelm,Region: Traveling - Solitude or Windhelm | Store: khajiit Traders | Merchandise: Fence | Investable: No | Master Trader: Yes,,no_refs,,Y,1,0,appendix_row_covered,service_unlocked,service_available,Guild Restoration And Amulet Of Articulation,none,
CHK-MERCHANTS-1510,Merchants,Mallus Maccius,merchant_reference,,,TB-031B/TB-036 merchant appendix,Whiterun,Region: Whiterun | Store: Honningbrew Meadery | Merchandise: Fence | Investable: No | Master Trader: Yes,,no_refs,,Y,1,0,appendix_row_covered,service_unlocked,service_available,Goldenglow Honningbrew Solitude And Snow Veil,none,
CHK-MERCHANTS-1511,Merchants,Sabjorn,merchant_reference,,,TB-031B/TB-036 merchant appendix,Whiterun,Region: Whiterun | Store: Honningbrew Meadery | Merchandise: Innkeeper | Investable: No | Master Trader: No,,no_refs,,Y,1,0,appendix_row_covered,appendix_reference_promoted_to_guide,guide_reference_represented,Final Reconciliation route and merchant reference surfaces,none,
CHK-MERCHANTS-1512,Merchants,Anoriath*,merchant_reference,,,TB-031B/TB-036 merchant appendix,Whiterun,Region: Whiterun | Store: Marketplace Stall | Merchandise: Innkeeper | Investable: No* | Master Trader: Yes,,no_refs,,Y,1,0,appendix_row_covered,appendix_reference_promoted_to_guide,guide_reference_represented,Final Reconciliation route and merchant reference surfaces,none,
CHK-MERCHANTS-1513,Merchants,Carlotta Valentia,merchant_reference,,,TB-031B/TB-036 merchant appendix,Whiterun,Region: Whiterun | Store: Marketplace Stall | Merchandise: Innkeeper | Investable: No | Master Trader: Yes,,no_refs,,Y,1,0,appendix_row_covered,appendix_reference_promoted_to_guide,guide_reference_represented,Final Reconciliation route and merchant reference surfaces,none,
CHK-MERCHANTS-1514,Merchants,Fralia Gray-Mane,merchant_reference,,,TB-031B/TB-036 merchant appendix,Whiterun,Region: Whiterun | Store: Marketplace Stall | Merchandise: Jeweler | Investable: No | Master Trader: No,,no_refs,,Y,1,0,appendix_row_covered,appendix_reference_promoted_to_guide,guide_reference_represented,Final Reconciliation route and merchant reference surfaces,none,
CHK-MERCHANTS-1515,Merchants,Eorlund Gray-Mane,merchant_reference,,,TB-031B/TB-036 merchant appendix,Whiterun,Region: Whiterun | Store: Skyforge | Merchandise: Blacksmith | Investable: No | Master Trader: Yes,,no_refs,,Y,1,0,appendix_row_covered,service_used_no_investment,support_reference_only,Companions Entry,none,
CHK-MERCHANTS-1516,Merchants,Hulda,merchant_reference,,,TB-031B/TB-036 merchant appendix,Whiterun,Partner: Saadia (Ysolda) | Region: Whiterun | Store: The Bannered Mare | Merchandise: Innkeeper | Investable: No | Master Trader: Yes,,no_refs,,Y,1,0,appendix_row_covered,appendix_reference_promoted_to_guide,guide_reference_represented,Final Reconciliation route and merchant reference surfaces,none,
CHK-MERCHANTS-1522,Merchants,Orgnar,merchant_reference,,,TB-031B/TB-036 merchant appendix,Whiterun - Riverrun,Region: Whiterun - Riverrun | Store: Sleeping Giant Inn | Merchandise: Innkeeper (also buys Ingredients) | Investable: No | Master Trader: No,,no_refs,,Y,1,0,appendix_row_covered,appendix_reference_promoted_to_guide,guide_reference_represented,Final Reconciliation route and merchant reference surfaces,none,
CHK-MERCHANTS-1523,Merchants,Mralki,merchant_reference,,,TB-031B/TB-036 merchant appendix,Whiterun - Rorikstead,Region: Whiterun - Rorikstead | Store: Frostfruit Inn | Merchandise: Innkeeper | Investable: No | Master Trader: No,,no_refs,,Y,1,0,appendix_row_covered,service_used_no_investment,support_reference_only,Goldenhills Farm And Rorikstead,none,
CHK-MERCHANTS-1525,Merchants,Elda Early-Dawn,merchant_reference,,,TB-031B/TB-036 merchant appendix,Windhelm,Partner: (Nils) | Region: Windhelm | Store: Candlehearth Hall | Merchandise: Innkeeper | Investable: No | Master Trader: Yes,,no_refs,,Y,1,0,appendix_row_covered,appendix_reference_promoted_to_guide,guide_reference_represented,Final Reconciliation route and merchant reference surfaces,none,
CHK-MERCHANTS-1526,Merchants,Aval Atheron,merchant_reference,,,TB-031B/TB-036 merchant appendix,Windhelm,Region: Windhelm | Store: Marketplace Stall | Merchandise: General | Investable: No | Master Trader: Yes,,no_refs,,Y,1,0,appendix_row_covered,appendix_reference_promoted_to_guide,guide_reference_represented,Final Reconciliation route and merchant reference surfaces,none,
CHK-MERCHANTS-1527,Merchants,Hillevi Cruel-Sea,merchant_reference,,,TB-031B/TB-036 merchant appendix,Windhelm,Region: Windhelm | Store: Marketplace Stall | Merchandise: Innkeeper | Investable: No | Master Trader: Yes,,no_refs,,Y,1,0,appendix_row_covered,appendix_reference_promoted_to_guide,guide_reference_represented,Final Reconciliation route and merchant reference surfaces,none,
CHK-MERCHANTS-1528,Merchants,Niranye,merchant_reference,,,TB-031B/TB-036 merchant appendix,Windhelm,Region: Windhelm | Store: Marketplace Stall | Merchandise: General | Investable: No | Master Trader: Yes,,no_refs,,Y,1,0,appendix_row_covered,service_preserved,service_available,Guild Restoration And Amulet Of Articulation,none,
CHK-MERCHANTS-1529,Merchants,Ambarys Rendar,merchant_reference,,,TB-031B/TB-036 merchant appendix,Windhelm,Region: Windhelm | Store: New Gnisis Cornerclub | Merchandise: Innkeeper | Investable: No | Master Trader: Yes,,no_refs,,Y,1,0,appendix_row_covered,appendix_reference_promoted_to_guide,guide_reference_represented,Final Reconciliation route and merchant reference surfaces,none,
CHK-MERCHANTS-1530,Merchants,Niranye,merchant_reference,,,TB-031B/TB-036 merchant appendix,Windhelm,Region: Windhelm | Store: Niranye's House | Merchandise: Fence | Investable: No | Master Trader: Yes,,no_refs,,Y,1,0,appendix_row_covered,service_unlocked,service_available,Guild Restoration And Amulet Of Articulation,none,
CHK-MERCHANTS-1534,Merchants,Iddra,merchant_reference,,,TB-031B/TB-036 merchant appendix,Windhelm - Kynesgrove,Region: Windhelm - Kynesgrove | Store: Braidwood Inn | Merchandise: Innkeeper | Investable: No | Master Trader: No,,no_refs,,Y,1,0,appendix_row_covered,appendix_reference_promoted_to_guide,guide_reference_represented,Final Reconciliation route and merchant reference surfaces,none,
CHK-MERCHANTS-1535,Merchants,Bolar,merchant_reference,,,TB-031B/TB-036 merchant appendix,Windhelm - Narzulbur,Region: Windhelm - Narzulbur | Store: at Mauhulakh's Longhouse | Merchandise: Apothecary | Investable: No | Master Trader: Yes,,no_refs,,Y,1,0,appendix_row_covered,appendix_reference_promoted_to_guide,guide_reference_represented,Final Reconciliation route and merchant reference surfaces,none,
CHK-MERCHANTS-1536,Merchants,Dushnamub,merchant_reference,,,TB-031B/TB-036 merchant appendix,Windhelm - Narzulbur,Region: Windhelm - Narzulbur | Store: at Mauhulakh's Longhouse | Merchandise: Blacksmith | Investable: No | Master Trader: Yes,,no_refs,,Y,1,0,appendix_row_covered,appendix_reference_promoted_to_guide,guide_reference_represented,Final Reconciliation route and merchant reference surfaces,none,
CHK-MERCHANTS-1538,Merchants,Dagur,merchant_reference,,,TB-031B/TB-036 merchant appendix,Winterhold,Partner: Haran | Region: Winterhold | Store: The Frozen Hearth | Merchandise: Innkeeper | Investable: No | Master Trader: Yes,,no_refs,,Y,1,0,appendix_row_covered,appendix_reference_promoted_to_guide,guide_reference_represented,Final Reconciliation route and merchant reference surfaces,none,
CHK-MERCHANTS-1539,Merchants,Nelacar,merchant_reference,,,TB-031B/TB-036 merchant appendix,Winterhold,Region: Winterhold | Store: The Frozen Hearth | Merchandise: Spells | Investable: No | Master Trader: Yes,,no_refs,,Y,1,0,appendix_row_covered,appendix_reference_promoted_to_guide,guide_reference_represented,Final Reconciliation route and merchant reference surfaces,none,
CHK-MERCHANTS-1540,Merchants,Enthir,merchant_reference,,,TB-031B/TB-036 merchant appendix,Winterhold - Mage's College,Region: Winterhold - Mage's College | Store: Hall of Attainment | Merchandise: General | Investable: No | Master Trader: Yes,,no_refs,,Y,1,0,appendix_row_covered,appendix_reference_promoted_to_guide,guide_reference_represented,Final Reconciliation route and merchant reference surfaces,none,
CHK-MERCHANTS-1541,Merchants,Enthir,merchant_reference,,,TB-031B/TB-036 merchant appendix,Winterhold - Mage's College,Region: Winterhold - Mage's College | Store: Hall of Attainment | Merchandise: Fence | Investable: No | Master Trader: Yes,,no_refs,,Y,1,0,appendix_row_covered,appendix_reference_promoted_to_guide,guide_reference_represented,Final Reconciliation route and merchant reference surfaces,none,
CHK-MERCHANTS-1542,Merchants,Tolfdir,merchant_reference,,,TB-031B/TB-036 merchant appendix,Winterhold - Mage's College,Region: Winterhold - Mage's College | Store: Hall of Attainment | Merchandise: Spells (Alteration) | Investable: No | Master Trader: Yes,,no_refs,,Y,1,0,appendix_row_covered,appendix_reference_promoted_to_guide,guide_reference_represented,Final Reconciliation route and merchant reference surfaces,none,
CHK-MERCHANTS-1543,Merchants,Colette Marence,merchant_reference,,,TB-031B/TB-036 merchant appendix,Winterhold - Mage's College,Region: Winterhold - Mage's College | Store: Hall of Countenance | Merchandise: Spells (Restoration) | Investable: No | Master Trader: Yes,,no_refs,,Y,1,0,appendix_row_covered,appendix_reference_promoted_to_guide,guide_reference_represented,Final Reconciliation route and merchant reference surfaces,none,
CHK-MERCHANTS-1544,Merchants,Drevis Neloren,merchant_reference,,,TB-031B/TB-036 merchant appendix,Winterhold - Mage's College,Region: Winterhold - Mage's College | Store: Hall of Countenance | Merchandise: Spells (Illusion) | Investable: No | Master Trader: Yes,,no_refs,,Y,1,0,appendix_row_covered,appendix_reference_promoted_to_guide,guide_reference_represented,Final Reconciliation route and merchant reference surfaces,none,
CHK-MERCHANTS-1545,Merchants,Faralda,merchant_reference,,,TB-031B/TB-036 merchant appendix,Winterhold - Mage's College,Region: Winterhold - Mage's College | Store: Hall of Countenance | Merchandise: Spells (Destruction) | Investable: No | Master Trader: Yes,,no_refs,,Y,1,0,appendix_row_covered,appendix_reference_promoted_to_guide,guide_reference_represented,Final Reconciliation route and merchant reference surfaces,none,
CHK-MERCHANTS-1546,Merchants,Phinis Gestor,merchant_reference,,,TB-031B/TB-036 merchant appendix,Winterhold - Mage's College,Region: Winterhold - Mage's College | Store: Hall of Countenance | Merchandise: Spells (Conjuration) | Investable: No | Master Trader: Yes,,no_refs,,Y,1,0,appendix_row_covered,appendix_reference_promoted_to_guide,guide_reference_represented,Final Reconciliation route and merchant reference surfaces,none,
CHK-MERCHANTS-1547,Merchants,Urag gro-Shub,merchant_reference,,,TB-031B/TB-036 merchant appendix,Winterhold - Mage's College,Region: Winterhold - Mage's College | Store: The Arcanaeum | Merchandise: Books | Investable: No | Master Trader: Yes,,no_refs,,Y,1,0,appendix_row_covered,appendix_reference_promoted_to_guide,guide_reference_represented,Final Reconciliation route and merchant reference surfaces,none,
