option_id,option_type,name,source_content,source_section,location,prerequisite_or_condition,related_property_or_role,flags,route_treatment,citations,notes
NPCOPT-000001,spouse_candidate,Aela the Huntress,multiple,Marriage - Female NPCs,Whiterun ( Jorrvaskr ),Complete the Companions Questline,Bed (Jorrvaskr),follower=Yes,option_list,SN-000067-household-role-options.md,Source-listed marriage candidate; default recommendation deferred.
NPCOPT-000002,spouse_candidate,Aeri,multiple,Marriage - Female NPCs,Anga's Mill,Complete her favor: Chop Wood or Delivery,Aeri's House,follower=No,option_list,SN-000067-household-role-options.md,Source-listed marriage candidate; default recommendation deferred.
NPCOPT-000003,spouse_candidate,Anwen,multiple,Marriage - Female NPCs,Markarth ( Temple of Dibella ),Complete The Heart of Dibella,,follower=No,option_list,SN-000067-household-role-options.md,Source-listed marriage candidate; default recommendation deferred.
NPCOPT-000004,spouse_candidate,Avrusa Sarethi,multiple,Marriage - Female NPCs,Sarethi Farm,Complete her favor: Gather Wheat or Smooth Jazbay,Sarethi Farm,follower=No,option_list,SN-000067-household-role-options.md,Source-listed marriage candidate; default recommendation deferred.
NPCOPT-000005,spouse_candidate,Borgakh the Steel Heart,multiple,Marriage - Female NPCs,Mor Khazgur,Convince her to become a Follower,Larak's Longhouse,follower=Yes,option_list,SN-000067-household-role-options.md,Source-listed marriage candidate; default recommendation deferred.
NPCOPT-000006,spouse_candidate,Brelyna Maryon,multiple,Marriage - Female NPCs,Winterhold ( College of Winterhold ),Complete her favors in Brelyna's Practice,Bed ( Hall of Attainment ),follower=Yes,option_list,SN-000067-household-role-options.md,Source-listed marriage candidate; default recommendation deferred.
NPCOPT-000007,spouse_candidate,Camilla Valerius,multiple,Marriage - Female NPCs,Riverwood ( Riverwood Trader ),Complete The Golden Claw,Riverwood Trader,follower=No | merchant=General*,option_list,SN-000067-household-role-options.md,Source-listed marriage candidate; default recommendation deferred.
NPCOPT-000008,spouse_candidate,Dravynea the Stoneweaver,multiple,Marriage - Female NPCs,Kynesgrove ( Braidwood Inn ),Complete her favor: Dravynea's Frost Salts,Bed (Braidwood Inn),follower=No | merchant=Spell,option_list,SN-000067-household-role-options.md,Source-listed marriage candidate; default recommendation deferred.
NPCOPT-000009,spouse_candidate,Ghorza gra-Bagol,multiple,Marriage - Female NPCs,Markarth (Blacksmith Shed),Complete her favor: Skilled Apprenticeship,,follower=No | merchant=Blacksmith,option_list,SN-000067-household-role-options.md,Source-listed marriage candidate; default recommendation deferred.
NPCOPT-000010,spouse_candidate,Gilfre,multiple,Marriage - Female NPCs,Mixwater Mill,Work for her by chopping firewood,Gilfre's House,follower=No,option_list,SN-000067-household-role-options.md,Source-listed marriage candidate; default recommendation deferred.
NPCOPT-000011,spouse_candidate,Hilund DB,multiple,Marriage - Female NPCs,Thirsk Mead Hall,Complete her favor: Hilund Favor Quest,Bed ( Thirsk Mead Hall ),follower=No,option_list,SN-000067-household-role-options.md,Source-listed marriage candidate; default recommendation deferred.
NPCOPT-000012,spouse_candidate,Iona,multiple,Marriage - Female NPCs,Riften ( Honeyside ),Become Thane of the Rift,Bed ( Honeyside ),follower=Yes,option_list,SN-000067-household-role-options.md,Source-listed marriage candidate; default recommendation deferred.
NPCOPT-000013,spouse_candidate,Jenassa,multiple,Marriage - Female NPCs,Whiterun ( The Drunken Huntsman ),Hire her at least once,,follower=Yes,option_list,SN-000067-household-role-options.md,Source-listed marriage candidate; default recommendation deferred.
NPCOPT-000014,spouse_candidate,Jordis the Sword-Maiden,multiple,Marriage - Female NPCs,Solitude ( Proudspire Manor ),Become Thane of Haafingar,Bed (Proudspire Manor),follower=Yes,option_list,SN-000067-household-role-options.md,Source-listed marriage candidate; default recommendation deferred.
NPCOPT-000015,spouse_candidate,Lydia,multiple,Marriage - Female NPCs,Whiterun ( Dragonsreach or Breezehome ),Complete Dragon Rising and purchase Breezehome.,Bed (Breezehome),follower=Yes,option_list,SN-000067-household-role-options.md,Source-listed marriage candidate; default recommendation deferred.
NPCOPT-000016,spouse_candidate,Mjoll the Lioness,multiple,Marriage - Female NPCs,Riften,Complete Grimsever's Return,Aerin's House,follower=Yes,option_list,SN-000067-household-role-options.md,Source-listed marriage candidate; default recommendation deferred.
NPCOPT-000017,spouse_candidate,Morwen DB,multiple,Marriage - Female NPCs,Skaal Village,Complete her favor: Skaal Village Dialogue,Morwen's House,follower=No,option_list,SN-000067-household-role-options.md,Source-listed marriage candidate; default recommendation deferred.
NPCOPT-000018,spouse_candidate,Muiri,multiple,Marriage - Female NPCs,Markarth ( The Hag's Cure ),Complete Mourning Never Comes Player must kill Nilsine as well. Must be proprietor of the store to sell Apothecary merchandise.,The Hag's Cure,follower=No | merchant=Apothecary*,option_list,SN-000067-household-role-options.md,Source-listed marriage candidate; default recommendation deferred.
NPCOPT-000019,spouse_candidate,Njada Stonearm,multiple,Marriage - Female NPCs,Whiterun (Jorrvaskr),Complete the Companions Questline,,follower=Yes,option_list,SN-000067-household-role-options.md,Source-listed marriage candidate; default recommendation deferred.
NPCOPT-000020,spouse_candidate,Orla,multiple,Marriage - Female NPCs,Markarth ( Temple of Dibella ),Complete The Heart of Dibella,,follower=No,option_list,SN-000067-household-role-options.md,Source-listed marriage candidate; default recommendation deferred.
NPCOPT-000021,spouse_candidate,Rayya HF,multiple,Marriage - Female NPCs,Falkreath ( Jarl's Longhouse ),Become Thane of Falkreath,,follower=Yes,option_list,SN-000067-household-role-options.md,Source-listed marriage candidate; default recommendation deferred.
NPCOPT-000022,spouse_candidate,Ria,multiple,Marriage - Female NPCs,Whiterun (Jorrvaskr),Complete the Companions Questline,,follower=Yes,option_list,SN-000067-household-role-options.md,Source-listed marriage candidate; default recommendation deferred.
NPCOPT-000023,spouse_candidate,Senna,multiple,Marriage - Female NPCs,Markarth ( Temple of Dibella ),Complete The Heart of Dibella,,follower=No,option_list,SN-000067-household-role-options.md,Source-listed marriage candidate; default recommendation deferred.
NPCOPT-000024,spouse_candidate,Shahvee,multiple,Marriage - Female NPCs,Windhelm ( Argonian Assemblage ),Retrieve Shahvee's Amulet of Zenithar,,follower=No,option_list,SN-000067-household-role-options.md,Source-listed marriage candidate; default recommendation deferred.
NPCOPT-000025,spouse_candidate,Sylgja,multiple,Marriage - Female NPCs,Shor's Stone,Complete her favor: Special Delivery,Sylgja's House,follower=No,option_list,SN-000067-household-role-options.md,Source-listed marriage candidate; default recommendation deferred.
NPCOPT-000026,spouse_candidate,Taarie,multiple,Marriage - Female NPCs,Solitude ( Radiant Raiment ),Invest in her store.,,follower=No | merchant=Clothing,option_list,SN-000067-household-role-options.md,Source-listed marriage candidate; default recommendation deferred.
NPCOPT-000027,spouse_candidate,Temba Wide-Arm,multiple,Marriage - Female NPCs,Ivarstead,Complete her favor: Chop Wood or Grin and Bear It,Bed ( Vilemyr Inn ),follower=No,option_list,SN-000067-household-role-options.md,Source-listed marriage candidate; default recommendation deferred.
NPCOPT-000028,spouse_candidate,Uthgerd the Unbroken,multiple,Marriage - Female NPCs,Whiterun ( The Bannered Mare ),Challenge her to a brawl and win,Uthgerd's House,follower=Yes,option_list,SN-000067-household-role-options.md,Source-listed marriage candidate; default recommendation deferred.
NPCOPT-000029,spouse_candidate,Viola Giordano,multiple,Marriage - Female NPCs,Windhelm ( Candlehearth Hall ),Rat out Revyn Sadri during his favor,Viola Giordano's House,follower=No,option_list,SN-000067-household-role-options.md,Source-listed marriage candidate; default recommendation deferred.
NPCOPT-000030,spouse_candidate,Ysolda,multiple,Marriage - Female NPCs,Whiterun (Open Market),Bring her one Mammoth Tusk as a favor,Ysolda's House,follower=No | merchant=General,option_list,SN-000067-household-role-options.md,Source-listed marriage candidate; default recommendation deferred.
NPCOPT-000031,spouse_candidate,Ainethach,multiple,Marriage - Male NPCs,Karthwasten,Clear Sanuarach Mine of mercenaries,Karthwasten Hall,follower=No,option_list,SN-000067-household-role-options.md,Source-listed marriage candidate; default recommendation deferred.
NPCOPT-000032,spouse_candidate,Angrenor Once-Honored,multiple,Marriage - Male NPCs,Windhelm ( Candlehearth Hall ),Take pity by giving him a gold piece,,follower=No,option_list,SN-000067-household-role-options.md,Source-listed marriage candidate; default recommendation deferred.
NPCOPT-000033,spouse_candidate,Argis the Bulwark,multiple,Marriage - Male NPCs,Markarth ( Vlindrel Hall ),Become Thane of the Reach,Bed (Vlindrel Hall),follower=Yes,option_list,SN-000067-household-role-options.md,Source-listed marriage candidate; default recommendation deferred.
NPCOPT-000034,spouse_candidate,Athis,multiple,Marriage - Male NPCs,Whiterun ( Jorrvaskr ),Complete the Companions Questline,,follower=Yes,option_list,SN-000067-household-role-options.md,Source-listed marriage candidate; default recommendation deferred.
NPCOPT-000035,spouse_candidate,Balimund,multiple,Marriage - Male NPCs,Riften,Complete his favor: Stoking the Flames,The Scorched Hammer,follower=No | merchant=Blacksmith,option_list,SN-000067-household-role-options.md,Source-listed marriage candidate; default recommendation deferred.
NPCOPT-000036,spouse_candidate,Belrand,multiple,Marriage - Male NPCs,Solitude ( The Winking Skeever ),Hire him at least once,,follower=Yes,option_list,SN-000067-household-role-options.md,Source-listed marriage candidate; default recommendation deferred.
NPCOPT-000037,spouse_candidate,Benor,multiple,Marriage - Male NPCs,Morthal,Challenge him to a brawl and win,Bed ( Morthal Guardhouse ),follower=Yes,option_list,SN-000067-household-role-options.md,Source-listed marriage candidate; default recommendation deferred.
NPCOPT-000038,spouse_candidate,Calder,multiple,Marriage - Male NPCs,Windhelm ( Hjerim ),Become Thane of Eastmarch,Bed (Hjerim),follower=Yes,option_list,SN-000067-household-role-options.md,Source-listed marriage candidate; default recommendation deferred.
NPCOPT-000039,spouse_candidate,Cosnach,multiple,Marriage - Male NPCs,Markarth ( Silver-Blood Inn ),Challenge him to a brawl and win,Bed (Silver-Blood Inn),follower=Yes,option_list,SN-000067-household-role-options.md,Source-listed marriage candidate; default recommendation deferred.
NPCOPT-000040,spouse_candidate,Derkeethus,multiple,Marriage - Male NPCs,Darkwater Crossing,Find and rescue him,,follower=Yes,option_list,SN-000067-household-role-options.md,Source-listed marriage candidate; default recommendation deferred.
NPCOPT-000041,spouse_candidate,Farkas,multiple,Marriage - Male NPCs,Whiterun ( Jorrvaskr ),Complete the Companions Questline,Bed (Jorrvaskr),follower=Yes,option_list,SN-000067-household-role-options.md,Source-listed marriage candidate; default recommendation deferred.
NPCOPT-000042,spouse_candidate,Filnjar,multiple,Marriage - Male NPCs,Shor's Stone,Complete Mine or Yours,Filnjar's House,follower=No | merchant=Blacksmith,option_list,SN-000067-household-role-options.md,Source-listed marriage candidate; default recommendation deferred.
NPCOPT-000043,spouse_candidate,Gat gro-Shargakh,multiple,Marriage - Male NPCs,Left Hand Mine / Kolskeggr Mine,Clear Kolskeggr Mine for Pavo Attius,,follower=No,option_list,SN-000067-household-role-options.md,Source-listed marriage candidate; default recommendation deferred.
NPCOPT-000044,spouse_candidate,Ghorbash the Iron Hand,multiple,Marriage - Male NPCs,Dushnikh Yal,Convince him to become a follower,,follower=Yes,option_list,SN-000067-household-role-options.md,Source-listed marriage candidate; default recommendation deferred.
NPCOPT-000045,spouse_candidate,Gregor HF,multiple,Marriage - Male NPCs,Heljarchen Hall,Become thane of the Pale ( HF ),,follower=Yes,option_list,SN-000067-household-role-options.md,Source-listed marriage candidate; default recommendation deferred.
NPCOPT-000046,spouse_candidate,Halbarn Iron-Fur DB,multiple,Marriage - Male NPCs,Thirsk Mead Hall,Complete his favor: Halbarn Favor Quest,Bed ( Thirsk Mead Hall ),follower=No | merchant=Blacksmith,option_list,SN-000067-household-role-options.md,Source-listed marriage candidate; default recommendation deferred.
NPCOPT-000047,spouse_candidate,Marcurio,multiple,Marriage - Male NPCs,Riften ( The Bee and Barb ),Hire him at least once,Bed ( The Bee and Barb ),follower=Yes,option_list,SN-000067-household-role-options.md,Source-listed marriage candidate; default recommendation deferred.
NPCOPT-000048,spouse_candidate,Moth gro-Bagol,multiple,Marriage - Male NPCs,Markarth ( Understone Keep ),Complete his favor: Coated in Blood,Bed ( Understone Keep ),follower=No | merchant=Blacksmith,option_list,SN-000067-household-role-options.md,Source-listed marriage candidate; default recommendation deferred.
NPCOPT-000049,spouse_candidate,Octieve San,multiple,Marriage - Male NPCs,Solitude,Complete his favor: A Few Words...,,follower=No,option_list,SN-000067-household-role-options.md,Source-listed marriage candidate; default recommendation deferred.
NPCOPT-000050,spouse_candidate,Omluag,multiple,Marriage - Male NPCs,Markarth ( Smelter ),Complete his favor: A Few Words...,Bed ( The Warrens ),follower=No,option_list,SN-000067-household-role-options.md,Source-listed marriage candidate; default recommendation deferred.
NPCOPT-000051,spouse_candidate,Onmund,multiple,Marriage - Male NPCs,Winterhold ( College of Winterhold ),Complete his favor: Onmund's Request,Bed ( Hall of Attainment ),follower=Yes,option_list,SN-000067-household-role-options.md,Source-listed marriage candidate; default recommendation deferred.
NPCOPT-000052,spouse_candidate,Pavo Attius,multiple,Marriage - Male NPCs,Left Hand Mine / Kolskeggr Mine,Clear Kolskeggr Mine for him,Pavo's House,follower=No,option_list,SN-000067-household-role-options.md,Source-listed marriage candidate; default recommendation deferred.
NPCOPT-000053,spouse_candidate,Perth,multiple,Marriage - Male NPCs,Soljund's Sinkhole,Clear Soljund's Sinkhole for him,Bed ( Miner's House ),follower=No,option_list,SN-000067-household-role-options.md,Source-listed marriage candidate; default recommendation deferred.
NPCOPT-000054,spouse_candidate,Quintus Navale,multiple,Marriage - Male NPCs,Windhelm ( The White Phial ),Complete Repairing the Phial,,follower=No | merchant=Apothecary*,option_list,SN-000067-household-role-options.md,Source-listed marriage candidate; default recommendation deferred.
NPCOPT-000055,spouse_candidate,Revyn Sadri,multiple,Marriage - Male NPCs,Windhelm ( Sadri's Used Wares ),Complete his favor: Plant a stolen item,Sadri's Used Wares,follower=No | merchant=General,option_list,SN-000067-household-role-options.md,Source-listed marriage candidate; default recommendation deferred.
NPCOPT-000056,spouse_candidate,Roggi Knot-Beard,multiple,Marriage - Male NPCs,Kynesgrove,Retrieve Roggi's Ancestral Shield,,follower=Yes,option_list,SN-000067-household-role-options.md,Source-listed marriage candidate; default recommendation deferred.
NPCOPT-000057,spouse_candidate,Romlyn Dreth,multiple,Marriage - Male NPCs,Riften ( Black-Briar Meadery ),Complete his favor: Under the Table,Romlyn Dreth's House,follower=No,option_list,SN-000067-household-role-options.md,Source-listed marriage candidate; default recommendation deferred.
NPCOPT-000058,spouse_candidate,Rulnik Wind-Strider CC,multiple,Marriage - Male NPCs,Whiterun ( Temple of Kynareth ),Choose the Altar of Nothing during A Dying Wish,,follower=Yes,option_list,SN-000067-household-role-options.md,Source-listed marriage candidate; default recommendation deferred.
NPCOPT-000059,spouse_candidate,Scouts-Many-Marshes,multiple,Marriage - Male NPCs,Windhelm ( Argonian Assemblage ),Complete his favor: A Few Words...,,follower=No,option_list,SN-000067-household-role-options.md,Source-listed marriage candidate; default recommendation deferred.
NPCOPT-000060,spouse_candidate,Sondas Drenim,multiple,Marriage - Male NPCs,Darkwater Crossing,Complete his favor: Deliver a note,,follower=No,option_list,SN-000067-household-role-options.md,Source-listed marriage candidate; default recommendation deferred.
NPCOPT-000061,spouse_candidate,Sorex Vinius,multiple,Marriage - Male NPCs,Solitude ( The Winking Skeever ),Complete his favor: Deliver a bottle of rum,The Winking Skeever,follower=No | merchant=Innkeeper*,option_list,SN-000067-household-role-options.md,Source-listed marriage candidate; default recommendation deferred.
NPCOPT-000062,spouse_candidate,Stenvar,multiple,Marriage - Male NPCs,Windhelm ( Candlehearth Hall ),Hire him at least once,,follower=Yes,option_list,SN-000067-household-role-options.md,Source-listed marriage candidate; default recommendation deferred.
NPCOPT-000063,spouse_candidate,Torvar,multiple,Marriage - Male NPCs,Whiterun ( Jorrvaskr ),Complete the Companions Questline,,follower=Yes,option_list,SN-000067-household-role-options.md,Source-listed marriage candidate; default recommendation deferred.
NPCOPT-000064,spouse_candidate,Valdimar HF,multiple,Marriage - Male NPCs,Windstad Manor,Become thane of Hjaalmarch ( HF ),,follower=Yes,option_list,SN-000067-household-role-options.md,Source-listed marriage candidate; default recommendation deferred.
NPCOPT-000065,spouse_candidate,Vilkas,multiple,Marriage - Male NPCs,Whiterun ( Jorrvaskr ),Complete the Companions Questline,Bed (Jorrvaskr),follower=Yes,option_list,SN-000067-household-role-options.md,Source-listed marriage candidate; default recommendation deferred.
NPCOPT-000066,spouse_candidate,Vorstag,multiple,Marriage - Male NPCs,Markarth ( Silver-Blood Inn ),Hire him at least once,Bed (Silver-Blood Inn),follower=Yes,option_list,SN-000067-household-role-options.md,Source-listed marriage candidate; default recommendation deferred.
NPCOPT-000067,spouse_candidate,Wilhelm,multiple,Marriage - Male NPCs,Ivarstead ( Vilemyr Inn ),Complete Lifting the Shroud,,follower=No | merchant=Innkeeper,option_list,SN-000067-household-role-options.md,Source-listed marriage candidate; default recommendation deferred.
NPCOPT-000068,adoptable_child,Alesan ( HF ),hearthfire,Adoption - Honorhall Orphanage,None | Dawnstar,Adoption-ready home and adoption capacity,,race=Redguard,option_list,SN-000067-household-role-options.md,Source-listed adoptable child; default child recommendation deferred.
NPCOPT-000069,adoptable_child,Blaise ( HF ),hearthfire,Adoption - Honorhall Orphanage,Katla's Farm | Solitude,Adoption-ready home and adoption capacity,,race=Breton,option_list,SN-000067-household-role-options.md,Source-listed adoptable child; default child recommendation deferred.
NPCOPT-000070,adoptable_child,Francois Beaufort,hearthfire,Adoption - Honorhall Orphanage,Honorhall Orphanage | Riften,Adoption-ready home and adoption capacity,,race=Imperial,option_list,SN-000067-household-role-options.md,Source-listed adoptable child; default child recommendation deferred.
NPCOPT-000071,adoptable_child,Lucia ( HF ),hearthfire,Adoption - Honorhall Orphanage,None | Whiterun,Adoption-ready home and adoption capacity,,race=Imperial,option_list,SN-000067-household-role-options.md,Source-listed adoptable child; default child recommendation deferred.
NPCOPT-000072,adoptable_child,Runa Fair-Shield,hearthfire,Adoption - Honorhall Orphanage,Honorhall Orphanage | Riften,Adoption-ready home and adoption capacity,,race=Nord,option_list,SN-000067-household-role-options.md,Source-listed adoptable child; default child recommendation deferred.
NPCOPT-000073,adoptable_child,Hroar,hearthfire,Adoption - Honorhall Orphanage,Honorhall Orphanage | Riften,Adoption-ready home and adoption capacity,,race=Nord,option_list,SN-000067-household-role-options.md,Source-listed adoptable child; default child recommendation deferred.
NPCOPT-000074,adoptable_child,Samuel,hearthfire,Adoption - Honorhall Orphanage,Honorhall Orphanage | Riften,Adoption-ready home and adoption capacity,,race=Imperial,option_list,SN-000067-household-role-options.md,Source-listed adoptable child; default child recommendation deferred.
NPCOPT-000075,adoptable_child,Sofie ( HF ),hearthfire,Adoption - Honorhall Orphanage,None | Windhelm,Adoption-ready home and adoption capacity,,race=Nord,option_list,SN-000067-household-role-options.md,Source-listed adoptable child; default child recommendation deferred.
NPCOPT-000076,adoptable_child,Aeta ( DB ),hearthfire,Adoption - Other Children,Oslaf's House | Skaal Village,Adoption-ready home and adoption capacity,Oslaf | Finna,race=Nord,option_list,SN-000067-household-role-options.md,Source-listed adoptable child; default child recommendation deferred.
NPCOPT-000077,adoptable_child,Braith,hearthfire,Adoption - Other Children,Amren's House | Whiterun,Adoption-ready home and adoption capacity,Amren | Saffir,race=Redguard,option_list,SN-000067-household-role-options.md,Source-listed adoptable child; default child recommendation deferred.
NPCOPT-000078,adoptable_child,Britte,hearthfire,Adoption - Other Children,Lemkil's Farmhouse | Rorikstead,Adoption-ready home and adoption capacity,Lemkil,race=Nord,option_list,SN-000067-household-role-options.md,Source-listed adoptable child; default child recommendation deferred.
NPCOPT-000079,adoptable_child,Clinton Lylvieve,hearthfire,Adoption - Other Children,Lylvieve Family's House | Dragon Bridge,Adoption-ready home and adoption capacity,Azzada Lylvieve | Michel Lylvieve,race=Breton,option_list,SN-000067-household-role-options.md,Source-listed adoptable child; default child recommendation deferred.
NPCOPT-000080,adoptable_child,Dorthe,hearthfire,Adoption - Other Children,Alvor and Sigrid's House | Riverwood,Adoption-ready home and adoption capacity,Alvor | Sigrid,race=Nord,option_list,SN-000067-household-role-options.md,Source-listed adoptable child; default child recommendation deferred.
NPCOPT-000081,adoptable_child,Eirid,hearthfire,Adoption - Other Children,The Frozen Hearth | Winterhold,Adoption-ready home and adoption capacity,Dagur | Haran,race=Nord,option_list,SN-000067-household-role-options.md,Source-listed adoptable child; default child recommendation deferred.
NPCOPT-000082,adoptable_child,Erith,hearthfire,Adoption - Other Children,Left Hand Mine | Markarth,Adoption-ready home and adoption capacity,Daighre,race=Breton,option_list,SN-000067-household-role-options.md,Source-listed adoptable child; default child recommendation deferred.
NPCOPT-000083,adoptable_child,Frodnar,hearthfire,Adoption - Other Children,Hod and Gerdur's House | Riverwood,Adoption-ready home and adoption capacity,Hod | Gerdur,race=Nord,option_list,SN-000067-household-role-options.md,Source-listed adoptable child; default child recommendation deferred.
NPCOPT-000084,adoptable_child,Gralnach,hearthfire,Adoption - Other Children,Heartwood Mill | The Rift,Adoption-ready home and adoption capacity,Leifnarr * | Grosta,race=Nord,option_list,SN-000067-household-role-options.md,Source-listed adoptable child; default child recommendation deferred.
NPCOPT-000085,adoptable_child,Hrefna,hearthfire,Adoption - Other Children,Goldenrock Mine | Darkwater Crossing,Adoption-ready home and adoption capacity,Tormir,race=Nord,option_list,SN-000067-household-role-options.md,Source-listed adoptable child; default child recommendation deferred.
NPCOPT-000086,adoptable_child,Knud,hearthfire,Adoption - Other Children,Katla's Farm | Solitude,Adoption-ready home and adoption capacity,Snilling | Katla,race=Nord,option_list,SN-000067-household-role-options.md,Source-listed adoptable child; default child recommendation deferred.
NPCOPT-000087,adoptable_child,Minette Vinius,hearthfire,Adoption - Other Children,The Winking Skeever | Solitude,Adoption-ready home and adoption capacity,Corpulus Vinius,race=Nord,option_list,SN-000067-household-role-options.md,Source-listed adoptable child; default child recommendation deferred.
NPCOPT-000088,adoptable_child,Skuli,hearthfire,Adoption - Other Children,Old Hroldan Inn | The Reach,Adoption-ready home and adoption capacity,Eydis,race=Nord,option_list,SN-000067-household-role-options.md,Source-listed adoptable child; default child recommendation deferred.
NPCOPT-000089,adoptable_child,Sissel,hearthfire,Adoption - Other Children,Lemkil's Farmhouse | Rorikstead,Adoption-ready home and adoption capacity,Lemkil,race=Nord,option_list,SN-000067-household-role-options.md,Source-listed adoptable child; default child recommendation deferred.
NPCOPT-000090,adoptable_child,Svari,hearthfire,Adoption - Other Children,Addvar's House | Solitude,Adoption-ready home and adoption capacity,Addvar | Greta,race=Nord,option_list,SN-000067-household-role-options.md,Source-listed adoptable child; default child recommendation deferred.
NPCOPT-000091,child_pet_option,Biter,hearthfire,Adoption - Pets,,Child may ask to keep a pet after adoption conditions are met,Household pet,species=Skeever | child_gender=Male,option_list,SN-000068-follower-pet-mount-options.md,Household pet option; route default deferred.
NPCOPT-000092,child_pet_option,Cotton,hearthfire,Adoption - Pets,,Child may ask to keep a pet after adoption conditions are met,Household pet,species=Rabbit | child_gender=Female,option_list,SN-000068-follower-pet-mount-options.md,Household pet option; route default deferred.
NPCOPT-000093,child_pet_option,Kit,hearthfire,Adoption - Pets,,Child may ask to keep a pet after adoption conditions are met,Household pet,species=Fox | child_gender=Female,option_list,SN-000068-follower-pet-mount-options.md,Household pet option; route default deferred.
NPCOPT-000094,child_pet_option,Pincer,hearthfire,Adoption - Pets,,Child may ask to keep a pet after adoption conditions are met,Household pet,species=Mudcrab | child_gender=Male,option_list,SN-000068-follower-pet-mount-options.md,Household pet option; route default deferred.
NPCOPT-000095,child_pet_option,Vix,hearthfire,Adoption - Pets,,Child may ask to keep a pet after adoption conditions are met,Household pet,species=Snow Fox | child_gender=Female,option_list,SN-000068-follower-pet-mount-options.md,Household pet option; route default deferred.
NPCOPT-000096,personal_steward_candidate,Adelaisa Vendicci,base_game,Personal Steward - Skyrim,,Rise in the East,Hearthfire homestead or Goldenhills steward candidate,type=Misc. | gender=Female | race=Imperial | marry=No,option_list,SN-000067-household-role-options.md,Source-listed steward candidate; final homestead/farm assignment deferred.
NPCOPT-000097,personal_steward_candidate,Aela the Huntress,base_game,Personal Steward - Skyrim,,Glory of the Dead,Hearthfire homestead or Goldenhills steward candidate,type=Companion | gender=Female | race=Nord | marry=Yes,option_list,SN-000067-household-role-options.md,Source-listed steward candidate; final homestead/farm assignment deferred.
NPCOPT-000098,personal_steward_candidate,Annekke Crag-Jumper,base_game,Personal Steward - Skyrim,,Kill the Bandit Leader † ( radiant ),Hearthfire homestead or Goldenhills steward candidate,type=Misc. | gender=Female | race=Nord | marry=No,option_list,SN-000067-household-role-options.md,Source-listed steward candidate; final homestead/farm assignment deferred.
NPCOPT-000099,personal_steward_candidate,Belrand,base_game,Personal Steward - Skyrim,,None,Hearthfire homestead or Goldenhills steward candidate,type=Hireling | gender=Male | race=Nord | marry=Yes,option_list,SN-000067-household-role-options.md,Source-listed steward candidate; final homestead/farm assignment deferred.
NPCOPT-000100,personal_steward_candidate,Brelyna Maryon,base_game,Personal Steward - Skyrim,,Brelyna's Practice,Hearthfire homestead or Goldenhills steward candidate,type=College | gender=Female | race=Dark Elf | marry=Yes,option_list,SN-000067-household-role-options.md,Source-listed steward candidate; final homestead/farm assignment deferred.
NPCOPT-000101,personal_steward_candidate,Calder,base_game,Personal Steward - Skyrim,,Become Thane of Eastmarch,Hearthfire homestead or Goldenhills steward candidate,type=Housecarl | gender=Male | race=Nord | marry=Yes,option_list,SN-000067-household-role-options.md,Source-listed steward candidate; final homestead/farm assignment deferred.
NPCOPT-000102,personal_steward_candidate,Erik the Slayer,base_game,Personal Steward - Skyrim,,Erik the Slayer,Hearthfire homestead or Goldenhills steward candidate,type=Hireling | gender=Male | race=Nord | marry=No,option_list,SN-000067-household-role-options.md,Source-listed steward candidate; final homestead/farm assignment deferred.
NPCOPT-000103,personal_steward_candidate,Eola,base_game,Personal Steward - Skyrim,,Obtain the Ring of Namira in The Taste of Death .,Hearthfire homestead or Goldenhills steward candidate,type=Misc. | gender=Female | race=Breton | marry=No,option_list,SN-000067-household-role-options.md,Source-listed steward candidate; final homestead/farm assignment deferred.
NPCOPT-000104,personal_steward_candidate,Faendal,base_game,Personal Steward - Skyrim,,A Lovely Letter (in his favor),Hearthfire homestead or Goldenhills steward candidate,type=Misc. | gender=Male | race=Wood Elf | marry=No,option_list,SN-000067-household-role-options.md,Source-listed steward candidate; final homestead/farm assignment deferred.
NPCOPT-000105,personal_steward_candidate,Ghorbash the Iron Hand,base_game,Personal Steward - Skyrim,,"Convince him (via brawl, persuade check, or bribe).",Hearthfire homestead or Goldenhills steward candidate,type=Misc. | gender=Male | race=Orc | marry=Yes,option_list,SN-000067-household-role-options.md,Source-listed steward candidate; final homestead/farm assignment deferred.
NPCOPT-000106,personal_steward_candidate,Golldir,base_game,Personal Steward - Skyrim,,Ancestral Worship,Hearthfire homestead or Goldenhills steward candidate,type=Dungeon | gender=Male | race=Nord | marry=No,option_list,SN-000067-household-role-options.md,Source-listed steward candidate; final homestead/farm assignment deferred.
NPCOPT-000107,personal_steward_candidate,Illia,base_game,Personal Steward - Skyrim,,Repentance,Hearthfire homestead or Goldenhills steward candidate,type=Dungeon | gender=Female | race=Imperial | marry=No,option_list,SN-000067-household-role-options.md,Source-listed steward candidate; final homestead/farm assignment deferred.
NPCOPT-000108,personal_steward_candidate,Iona,base_game,Personal Steward - Skyrim,,Become Thane of the Rift,Hearthfire homestead or Goldenhills steward candidate,type=Housecarl | gender=Female | race=Nord | marry=Yes,option_list,SN-000067-household-role-options.md,Source-listed steward candidate; final homestead/farm assignment deferred.
NPCOPT-000109,personal_steward_candidate,Jordis the Sword-Maiden,base_game,Personal Steward - Skyrim,,Become Thane of Haafingar,Hearthfire homestead or Goldenhills steward candidate,type=Housecarl | gender=Female | race=Nord | marry=Yes,option_list,SN-000067-household-role-options.md,Source-listed steward candidate; final homestead/farm assignment deferred.
NPCOPT-000110,personal_steward_candidate,Lob,base_game,Personal Steward - Skyrim,,The Cursed Tribe,Hearthfire homestead or Goldenhills steward candidate,type=Misc. | gender=Male | race=Orc | marry=No,option_list,SN-000067-household-role-options.md,Source-listed steward candidate; final homestead/farm assignment deferred.
NPCOPT-000111,personal_steward_candidate,Lydia,base_game,Personal Steward - Skyrim,,Dragon Rising,Hearthfire homestead or Goldenhills steward candidate,type=Housecarl | gender=Female | race=Nord | marry=Yes,option_list,SN-000067-household-role-options.md,Source-listed steward candidate; final homestead/farm assignment deferred.
NPCOPT-000112,personal_steward_candidate,Marcurio,base_game,Personal Steward - Skyrim,,None,Hearthfire homestead or Goldenhills steward candidate,type=Hireling | gender=Male | race=Imperial | marry=Yes,option_list,SN-000067-household-role-options.md,Source-listed steward candidate; final homestead/farm assignment deferred.
NPCOPT-000113,personal_steward_candidate,Njada Stonearm,base_game,Personal Steward - Skyrim,,Glory of the Dead,Hearthfire homestead or Goldenhills steward candidate,type=Companion | gender=Female | race=Nord | marry=Yes,option_list,SN-000067-household-role-options.md,Source-listed steward candidate; final homestead/farm assignment deferred.
NPCOPT-000114,personal_steward_candidate,Ogol,base_game,Personal Steward - Skyrim,,The Cursed Tribe,Hearthfire homestead or Goldenhills steward candidate,type=Misc. | gender=Male | race=Orc | marry=No,option_list,SN-000067-household-role-options.md,Source-listed steward candidate; final homestead/farm assignment deferred.
NPCOPT-000115,personal_steward_candidate,Onmund,base_game,Personal Steward - Skyrim,,Onmund's Request,Hearthfire homestead or Goldenhills steward candidate,type=College | gender=Male | race=Nord | marry=Yes,option_list,SN-000067-household-role-options.md,Source-listed steward candidate; final homestead/farm assignment deferred.
NPCOPT-000116,personal_steward_candidate,Ria,base_game,Personal Steward - Skyrim,,Glory of the Dead,Hearthfire homestead or Goldenhills steward candidate,type=Companion | gender=Female | race=Imperial | marry=Yes,option_list,SN-000067-household-role-options.md,Source-listed steward candidate; final homestead/farm assignment deferred.
NPCOPT-000117,personal_steward_candidate,Roggi Knot-Beard,base_game,Personal Steward - Skyrim,,Dungeon Delving (Caves) †,Hearthfire homestead or Goldenhills steward candidate,type=Misc. | gender=Male | race=Nord | marry=Yes,option_list,SN-000067-household-role-options.md,Source-listed steward candidate; final homestead/farm assignment deferred.
NPCOPT-000118,personal_steward_candidate,Sven,base_game,Personal Steward - Skyrim,,A Lovely Letter (in his favor),Hearthfire homestead or Goldenhills steward candidate,type=Misc. | gender=Male | race=Nord | marry=No,option_list,SN-000067-household-role-options.md,Source-listed steward candidate; final homestead/farm assignment deferred.
NPCOPT-000119,personal_steward_candidate,Uthgerd the Unbroken,base_game,Personal Steward - Skyrim,,Fight! Fight!,Hearthfire homestead or Goldenhills steward candidate,type=Misc. | gender=Female | race=Nord | marry=Yes,option_list,SN-000067-household-role-options.md,Source-listed steward candidate; final homestead/farm assignment deferred.
NPCOPT-000120,personal_steward_candidate,Vilkas,base_game,Personal Steward - Skyrim,,Glory of the Dead,Hearthfire homestead or Goldenhills steward candidate,type=Companion | gender=Male | race=Nord | marry=Yes,option_list,SN-000067-household-role-options.md,Source-listed steward candidate; final homestead/farm assignment deferred.
NPCOPT-000121,personal_steward_candidate,Agmaer,dawnguard,Personal Steward - Dawnguard Followers,,,Hearthfire homestead or Goldenhills steward candidate,gender=Male | race=Nord | marry=No | blades=Yes,option_list,SN-000067-household-role-options.md,Source-listed steward candidate; final homestead/farm assignment deferred.
NPCOPT-000122,personal_steward_candidate,Beleval,dawnguard,Personal Steward - Dawnguard Followers,,,Hearthfire homestead or Goldenhills steward candidate,gender=Female | race=Wood Elf | marry=No | blades=Yes,option_list,SN-000067-household-role-options.md,Source-listed steward candidate; final homestead/farm assignment deferred.
NPCOPT-000123,personal_steward_candidate,Celann,dawnguard,Personal Steward - Dawnguard Followers,,,Hearthfire homestead or Goldenhills steward candidate,gender=Male | race=Breton | marry=No | blades=Yes,option_list,SN-000067-household-role-options.md,Source-listed steward candidate; final homestead/farm assignment deferred.
NPCOPT-000124,personal_steward_candidate,Durak,dawnguard,Personal Steward - Dawnguard Followers,,,Hearthfire homestead or Goldenhills steward candidate,gender=Male | race=Orc | marry=No | blades=Yes,option_list,SN-000067-household-role-options.md,Source-listed steward candidate; final homestead/farm assignment deferred.
NPCOPT-000125,personal_steward_candidate,Ingjard,dawnguard,Personal Steward - Dawnguard Followers,,,Hearthfire homestead or Goldenhills steward candidate,gender=Female | race=Nord | marry=No | blades=Yes,option_list,SN-000067-household-role-options.md,Source-listed steward candidate; final homestead/farm assignment deferred.
NPCOPT-000126,personal_steward_candidate,Gregor,hearthfire,Personal Steward - Hearthfire Followers,,Become Thane of the Pale,Hearthfire homestead or Goldenhills steward candidate,gender=Male | race=Nord | marry=Yes | blades=Yes,option_list,SN-000067-household-role-options.md,Source-listed steward candidate; final homestead/farm assignment deferred.
NPCOPT-000127,personal_steward_candidate,Rayya,hearthfire,Personal Steward - Hearthfire Followers,,Become Thane of Falkreath,Hearthfire homestead or Goldenhills steward candidate,gender=Female | race=Redguard | marry=Yes | blades=Yes,option_list,SN-000067-household-role-options.md,Source-listed steward candidate; final homestead/farm assignment deferred.
NPCOPT-000128,personal_steward_candidate,Valdimar,hearthfire,Personal Steward - Hearthfire Followers,,Become Thane of Hjaalmarch,Hearthfire homestead or Goldenhills steward candidate,gender=Male | race=Nord | marry=Yes | blades=Yes,option_list,SN-000067-household-role-options.md,Source-listed steward candidate; final homestead/farm assignment deferred.
NPCOPT-000129,personal_steward_candidate,Talvas Fathryon,dragonborn,Personal Steward - Dragonborn Followers,,From the Ashes,Hearthfire homestead or Goldenhills steward candidate,gender=Male | race=Dark Elf | marry=No | blades=Yes,option_list,SN-000067-household-role-options.md,Source-listed steward candidate; final homestead/farm assignment deferred.
NPCOPT-000130,personal_steward_candidate,Rulnik Wind-Strider,ae_creation,Personal Steward - Creation Club Followers,,A Dying Wish,Hearthfire homestead or Goldenhills steward candidate,gender=Male | race=Nord | marry=Yes | blades=(?),option_list,SN-000067-household-role-options.md,Source-listed steward candidate; final homestead/farm assignment deferred.
NPCOPT-000131,hearthfire_bard_service,Llewellyn the Nightingale,hearthfire,Hearthfire bards,Lakeview Manor,Hire through a personal steward after home prerequisites,Personal bard,age=Yes | ragnar=Yes | tale=Yes | instrumental=Yes,option_list,SN-000067-household-role-options.md,Source-listed Hearthfire bard performer; assignment default deferred.
NPCOPT-000132,hearthfire_bard_service,Oriella,hearthfire,Hearthfire bards,Heljarchen Hall,Hire through a personal steward after home prerequisites,Personal bard,age=Yes | tale=Yes | dragonborn=Yes | instrumental=Yes,option_list,SN-000067-household-role-options.md,Source-listed Hearthfire bard performer; assignment default deferred.
NPCOPT-000133,hearthfire_bard_service,Sonir,hearthfire,Hearthfire bards,Windstad Manor,Hire through a personal steward after home prerequisites,Personal bard,ragnar=Yes | tale=Yes | dragonborn=Yes | instrumental=Yes,option_list,SN-000067-household-role-options.md,Source-listed Hearthfire bard performer; assignment default deferred.
NPCOPT-000134,hearthfire_carriage_service,Lakeview Manor Carriage Driver Service,hearthfire,Hearthfire carriage service,Lakeview Manor,Hire through a personal steward after home prerequisites,Carriage driver,,option_list,SN-000067-household-role-options.md,Hearthfire service option; individual generated driver identity not treated as separate completion objective.
NPCOPT-000135,hearthfire_carriage_service,Windstad Manor Carriage Driver Service,hearthfire,Hearthfire carriage service,Windstad Manor,Hire through a personal steward after home prerequisites,Carriage driver,,option_list,SN-000067-household-role-options.md,Hearthfire service option; individual generated driver identity not treated as separate completion objective.
NPCOPT-000136,hearthfire_carriage_service,Heljarchen Hall Carriage Driver Service,hearthfire,Hearthfire carriage service,Heljarchen Hall,Hire through a personal steward after home prerequisites,Carriage driver,,option_list,SN-000067-household-role-options.md,Hearthfire service option; individual generated driver identity not treated as separate completion objective.
NPCOPT-000137,farmhand_candidate,Generic Goldenhills Farmhands,ae_creation,Goldenhills farmhands,Goldenhills Plantation,A Farmer's Life For Me farmhand step and Goldenhills setup,Farmhand,,option_list,SN-000067-household-role-options.md,Steward-hired pair; farm staffing default deferred.
NPCOPT-000138,farmhand_candidate,Angrenor Once-Honored,ae_creation,Goldenhills farmhands,Goldenhills Plantation,A Farmer's Life For Me farmhand step and Goldenhills setup,Farmhand,,option_list,SN-000067-household-role-options.md,Personally hireable named farmhand; farm staffing default deferred.
NPCOPT-000139,farmhand_candidate,Brenuin,ae_creation,Goldenhills farmhands,Goldenhills Plantation,A Farmer's Life For Me farmhand step and Goldenhills setup,Farmhand,,option_list,SN-000067-household-role-options.md,Personally hireable named farmhand; farm staffing default deferred.
NPCOPT-000140,farmhand_candidate,Embry,ae_creation,Goldenhills farmhands,Goldenhills Plantation,A Farmer's Life For Me farmhand step and Goldenhills setup,Farmhand,,option_list,SN-000067-household-role-options.md,Personally hireable named farmhand; farm staffing default deferred.
NPCOPT-000141,farmhand_candidate,Narfi,ae_creation,Goldenhills farmhands,Goldenhills Plantation,A Farmer's Life For Me farmhand step and Goldenhills setup,Farmhand,,option_list,SN-000067-household-role-options.md,Personally hireable named farmhand; farm staffing default deferred.
NPCOPT-000142,permanent_follower_candidate,Brelyna Maryon,base_game,Followers - College of Winterhold Followers,,Brelyna's Practice,Follower eligibility,marry=Yes | blades=Yes | steward hf=Yes | moral=0 | max level=30,option_list,SN-000068-follower-pet-mount-options.md,Source-listed permanent follower option; recruitment timing/default use deferred.
NPCOPT-000143,permanent_follower_candidate,J'zargo,base_game,Followers - College of Winterhold Followers,,J'zargo's Experiment,Follower eligibility,blades=Yes | moral=0 | max level=None †,option_list,SN-000068-follower-pet-mount-options.md,Source-listed permanent follower option; recruitment timing/default use deferred.
NPCOPT-000144,permanent_follower_candidate,Onmund,base_game,Followers - College of Winterhold Followers,,Onmund's Request,Follower eligibility,marry=Yes | blades=Yes | steward hf=Yes | moral=0 | max level=30,option_list,SN-000068-follower-pet-mount-options.md,Source-listed permanent follower option; recruitment timing/default use deferred.
NPCOPT-000145,permanent_follower_candidate,Aela the Huntress,base_game,Followers - Companions Followers,,,Follower eligibility,marry=Yes | blades=Yes | steward hf=Yes | max level=50,option_list,SN-000068-follower-pet-mount-options.md,Source-listed permanent follower option; recruitment timing/default use deferred.
NPCOPT-000146,permanent_follower_candidate,Athis,base_game,Followers - Companions Followers,,,Follower eligibility,marry=Yes | blades=Yes | max level=25,option_list,SN-000068-follower-pet-mount-options.md,Source-listed permanent follower option; recruitment timing/default use deferred.
NPCOPT-000147,permanent_follower_candidate,Farkas,base_game,Followers - Companions Followers,,,Follower eligibility,marry=Yes | blades=Yes | max level=50,option_list,SN-000068-follower-pet-mount-options.md,Source-listed permanent follower option; recruitment timing/default use deferred.
NPCOPT-000148,permanent_follower_candidate,Njada Stonearm,base_game,Followers - Companions Followers,,,Follower eligibility,marry=Yes | blades=Yes | steward hf=Yes | max level=25,option_list,SN-000068-follower-pet-mount-options.md,Source-listed permanent follower option; recruitment timing/default use deferred.
NPCOPT-000149,permanent_follower_candidate,Ria,base_game,Followers - Companions Followers,,,Follower eligibility,marry=Yes | blades=Yes | steward hf=Yes | max level=25,option_list,SN-000068-follower-pet-mount-options.md,Source-listed permanent follower option; recruitment timing/default use deferred.
NPCOPT-000150,permanent_follower_candidate,Torvar,base_game,Followers - Companions Followers,,,Follower eligibility,marry=Yes | blades=Yes | max level=25,option_list,SN-000068-follower-pet-mount-options.md,Source-listed permanent follower option; recruitment timing/default use deferred.
NPCOPT-000151,permanent_follower_candidate,Vilkas,base_game,Followers - Companions Followers,,,Follower eligibility,marry=Yes | blades=Yes | steward hf=Yes | max level=50,option_list,SN-000068-follower-pet-mount-options.md,Source-listed permanent follower option; recruitment timing/default use deferred.
NPCOPT-000152,permanent_follower_candidate,Cicero,base_game,Followers - Dark Brotherhood Followers,,,Follower eligibility,moral=0 | max level=50,option_list,SN-000068-follower-pet-mount-options.md,Source-listed permanent follower option; recruitment timing/default use deferred.
NPCOPT-000153,permanent_follower_candidate,Dark Brotherhood Initiate (female),base_game,Followers - Dark Brotherhood Followers,,,Follower eligibility,moral=0 | max level=100,option_list,SN-000068-follower-pet-mount-options.md,Source-listed permanent follower option; recruitment timing/default use deferred.
NPCOPT-000154,permanent_follower_candidate,Dark Brotherhood Initiate (male),base_game,Followers - Dark Brotherhood Followers,,,Follower eligibility,moral=0 | max level=100,option_list,SN-000068-follower-pet-mount-options.md,Source-listed permanent follower option; recruitment timing/default use deferred.
NPCOPT-000155,permanent_follower_candidate,Agmaer,dawnguard,Followers - Dawnguard Followers,,,Follower eligibility,blades=Yes | steward hf=Yes | moral=0 | max level=25,option_list,SN-000068-follower-pet-mount-options.md,Source-listed permanent follower option; recruitment timing/default use deferred.
NPCOPT-000156,permanent_follower_candidate,Beleval,dawnguard,Followers - Dawnguard Followers,,,Follower eligibility,blades=Yes | steward hf=Yes | moral=0 | max level=25,option_list,SN-000068-follower-pet-mount-options.md,Source-listed permanent follower option; recruitment timing/default use deferred.
NPCOPT-000157,permanent_follower_candidate,Celann,dawnguard,Followers - Dawnguard Followers,,,Follower eligibility,blades=Yes | steward hf=Yes | moral=3 | max level=None,option_list,SN-000068-follower-pet-mount-options.md,Source-listed permanent follower option; recruitment timing/default use deferred.
NPCOPT-000158,permanent_follower_candidate,Durak,dawnguard,Followers - Dawnguard Followers,,,Follower eligibility,blades=Yes | steward hf=Yes | moral=3 | max level=None,option_list,SN-000068-follower-pet-mount-options.md,Source-listed permanent follower option; recruitment timing/default use deferred.
NPCOPT-000159,permanent_follower_candidate,Ingjard,dawnguard,Followers - Dawnguard Followers,,,Follower eligibility,blades=Yes | steward hf=Yes | moral=3 | max level=None,option_list,SN-000068-follower-pet-mount-options.md,Source-listed permanent follower option; recruitment timing/default use deferred.
NPCOPT-000160,permanent_follower_candidate,Serana,dawnguard,Followers - Dawnguard Followers,,,Follower eligibility,moral=3 | max level=50,option_list,SN-000068-follower-pet-mount-options.md,Source-listed permanent follower option; recruitment timing/default use deferred.
NPCOPT-000161,permanent_follower_candidate,Frea,dragonborn,Followers - Dragonborn Followers,,The Fate of the Skaal,Follower eligibility,blades=Yes | moral=3 | max level=None,option_list,SN-000068-follower-pet-mount-options.md,Source-listed permanent follower option; recruitment timing/default use deferred.
NPCOPT-000162,permanent_follower_candidate,Talvas Fathryon,dragonborn,Followers - Dragonborn Followers,,From the Ashes,Follower eligibility,blades=Yes | steward hf=Yes | moral=3 | max level=25,option_list,SN-000068-follower-pet-mount-options.md,Source-listed permanent follower option; recruitment timing/default use deferred.
NPCOPT-000163,permanent_follower_candidate,Teldryn Sero,dragonborn,Followers - Dragonborn Followers,,None,Follower eligibility,blades=Yes | moral=0 | max level=60,option_list,SN-000068-follower-pet-mount-options.md,Source-listed permanent follower option; recruitment timing/default use deferred.
NPCOPT-000164,permanent_follower_candidate,Ralis Sedarys,dragonborn,Followers - Dragonborn Followers,,Unearthed (in his favor),Follower eligibility,blades=Yes | moral=3 | max level=60,option_list,SN-000068-follower-pet-mount-options.md,Source-listed permanent follower option; recruitment timing/default use deferred.
NPCOPT-000165,permanent_follower_candidate,Golldir,base_game,Followers - Dungeon Followers,,Ancestral Worship,Follower eligibility,blades=Yes | steward hf=Yes | moral=3 | max level=30 | level=PC×1.0,option_list,SN-000068-follower-pet-mount-options.md,Source-listed permanent follower option; recruitment timing/default use deferred.
NPCOPT-000166,permanent_follower_candidate,Illia,base_game,Followers - Dungeon Followers,,Repentance,Follower eligibility,blades=Yes | steward hf=Yes | moral=3 | max level=40 | level=PC×1.0,option_list,SN-000068-follower-pet-mount-options.md,Source-listed permanent follower option; recruitment timing/default use deferred.
NPCOPT-000167,permanent_follower_candidate,Belrand,base_game,Followers - Hirelings,,,Follower eligibility,marry=Yes | blades=Yes | steward hf=Yes,option_list,SN-000068-follower-pet-mount-options.md,Source-listed permanent follower option; recruitment timing/default use deferred.
NPCOPT-000168,permanent_follower_candidate,Erik the Slayer,base_game,Followers - Hirelings,,,Follower eligibility,blades=Yes | steward hf=Yes,option_list,SN-000068-follower-pet-mount-options.md,Source-listed permanent follower option; recruitment timing/default use deferred.
NPCOPT-000169,permanent_follower_candidate,Jenassa,base_game,Followers - Hirelings,,,Follower eligibility,marry=Yes | blades=Yes,option_list,SN-000068-follower-pet-mount-options.md,Source-listed permanent follower option; recruitment timing/default use deferred.
NPCOPT-000170,permanent_follower_candidate,Marcurio,base_game,Followers - Hirelings,,,Follower eligibility,marry=Yes | blades=Yes | steward hf=Yes,option_list,SN-000068-follower-pet-mount-options.md,Source-listed permanent follower option; recruitment timing/default use deferred.
NPCOPT-000171,permanent_follower_candidate,Stenvar,base_game,Followers - Hirelings,,,Follower eligibility,marry=Yes | blades=Yes,option_list,SN-000068-follower-pet-mount-options.md,Source-listed permanent follower option; recruitment timing/default use deferred.
NPCOPT-000172,permanent_follower_candidate,Vorstag,base_game,Followers - Hirelings,,,Follower eligibility,marry=Yes | blades=Yes,option_list,SN-000068-follower-pet-mount-options.md,Source-listed permanent follower option; recruitment timing/default use deferred.
NPCOPT-000173,permanent_follower_candidate,Argis the Bulwark,base_game,Followers - Housecarls,,Become Thane of the Reach,Follower eligibility,marry=Yes | blades=Yes,option_list,SN-000068-follower-pet-mount-options.md,Source-listed permanent follower option; recruitment timing/default use deferred.
NPCOPT-000174,permanent_follower_candidate,Calder,base_game,Followers - Housecarls,,Become Thane of Eastmarch,Follower eligibility,marry=Yes | blades=Yes | steward hf=Yes,option_list,SN-000068-follower-pet-mount-options.md,Source-listed permanent follower option; recruitment timing/default use deferred.
NPCOPT-000175,permanent_follower_candidate,Gregor HF,base_game,Followers - Housecarls,,Become Thane of the Pale,Follower eligibility,marry=Yes | blades=Yes | steward hf=Yes,option_list,SN-000068-follower-pet-mount-options.md,Source-listed permanent follower option; recruitment timing/default use deferred.
NPCOPT-000176,permanent_follower_candidate,Iona,base_game,Followers - Housecarls,,Become Thane of the Rift,Follower eligibility,marry=Yes | blades=Yes | steward hf=Yes,option_list,SN-000068-follower-pet-mount-options.md,Source-listed permanent follower option; recruitment timing/default use deferred.
NPCOPT-000177,permanent_follower_candidate,Jordis the Sword-Maiden,base_game,Followers - Housecarls,,Become Thane of Haafingar,Follower eligibility,marry=Yes | blades=Yes | steward hf=Yes,option_list,SN-000068-follower-pet-mount-options.md,Source-listed permanent follower option; recruitment timing/default use deferred.
NPCOPT-000178,permanent_follower_candidate,Lydia,base_game,Followers - Housecarls,,Dragon Rising,Follower eligibility,marry=Yes | blades=Yes | steward hf=Yes,option_list,SN-000068-follower-pet-mount-options.md,Source-listed permanent follower option; recruitment timing/default use deferred.
NPCOPT-000179,permanent_follower_candidate,Rayya HF,base_game,Followers - Housecarls,,Become Thane of Falkreath,Follower eligibility,marry=Yes | blades=Yes | steward hf=Yes,option_list,SN-000068-follower-pet-mount-options.md,Source-listed permanent follower option; recruitment timing/default use deferred.
NPCOPT-000180,permanent_follower_candidate,Valdimar HF,base_game,Followers - Housecarls,,Become Thane of Hjaalmarch,Follower eligibility,marry=Yes | blades=Yes | steward hf=Yes,option_list,SN-000068-follower-pet-mount-options.md,Source-listed permanent follower option; recruitment timing/default use deferred.
NPCOPT-000181,permanent_follower_candidate,Borgakh the Steel Heart,base_game,Followers - Orc Stronghold Followers,,Pay her dowry or pass a persuade check.,Follower eligibility,marry=Yes | blades=Yes,option_list,SN-000068-follower-pet-mount-options.md,Source-listed permanent follower option; recruitment timing/default use deferred.
NPCOPT-000182,permanent_follower_candidate,Ghorbash the Iron Hand,base_game,Followers - Orc Stronghold Followers,,"Convince him (via brawl, persuade check, or bribe).",Follower eligibility,marry=Yes | blades=Yes | steward hf=Yes,option_list,SN-000068-follower-pet-mount-options.md,Source-listed permanent follower option; recruitment timing/default use deferred.
NPCOPT-000183,permanent_follower_candidate,Lob,base_game,Followers - Orc Stronghold Followers,,The Cursed Tribe,Follower eligibility,blades=Yes | steward hf=Yes,option_list,SN-000068-follower-pet-mount-options.md,Source-listed permanent follower option; recruitment timing/default use deferred.
NPCOPT-000184,permanent_follower_candidate,Ogol,base_game,Followers - Orc Stronghold Followers,,The Cursed Tribe,Follower eligibility,blades=Yes | steward hf=Yes,option_list,SN-000068-follower-pet-mount-options.md,Source-listed permanent follower option; recruitment timing/default use deferred.
NPCOPT-000185,permanent_follower_candidate,Ugor,base_game,Followers - Orc Stronghold Followers,,The Cursed Tribe,Follower eligibility,blades=Yes,option_list,SN-000068-follower-pet-mount-options.md,Source-listed permanent follower option; recruitment timing/default use deferred.
NPCOPT-000186,permanent_follower_candidate,Adelaisa Vendicci,base_game,Followers - Miscellaneous Followers,,Rise in the East,Follower eligibility,blades=Yes | steward hf=Yes | moral=3 | max level=25,option_list,SN-000068-follower-pet-mount-options.md,Source-listed permanent follower option; recruitment timing/default use deferred.
NPCOPT-000187,permanent_follower_candidate,Ahtar,base_game,Followers - Miscellaneous Followers,,Kill the Bandit Leader †,Follower eligibility,blades=Yes | moral=3 | max level=30,option_list,SN-000068-follower-pet-mount-options.md,Source-listed permanent follower option; recruitment timing/default use deferred.
NPCOPT-000188,permanent_follower_candidate,Annekke Crag-Jumper,base_game,Followers - Miscellaneous Followers,,Kill the Bandit Leader †,Follower eligibility,blades=Yes | steward hf=Yes | moral=3 | max level=30,option_list,SN-000068-follower-pet-mount-options.md,Source-listed permanent follower option; recruitment timing/default use deferred.
NPCOPT-000189,permanent_follower_candidate,Aranea Ienith,base_game,Followers - Miscellaneous Followers,,The Black Star (in her favor),Follower eligibility,blades=Yes | moral=0 | max level=30,option_list,SN-000068-follower-pet-mount-options.md,Source-listed permanent follower option; recruitment timing/default use deferred.
NPCOPT-000190,permanent_follower_candidate,Benor,base_game,Followers - Miscellaneous Followers,,Fight! Fight!,Follower eligibility,marry=Yes | blades=Yes | moral=0 | max level=30,option_list,SN-000068-follower-pet-mount-options.md,Source-listed permanent follower option; recruitment timing/default use deferred.
NPCOPT-000191,permanent_follower_candidate,Cosnach,base_game,Followers - Miscellaneous Followers,,Quest all Drunks Have ( or ) Fight! Fight!,Follower eligibility,marry=Yes | blades=Yes | moral=3 | max level=30,option_list,SN-000068-follower-pet-mount-options.md,Source-listed permanent follower option; recruitment timing/default use deferred.
NPCOPT-000192,permanent_follower_candidate,Derkeethus,base_game,Followers - Miscellaneous Followers,,Extracting an Argonian,Follower eligibility,marry=Yes | blades=Yes | moral=3 | max level=30,option_list,SN-000068-follower-pet-mount-options.md,Source-listed permanent follower option; recruitment timing/default use deferred.
NPCOPT-000193,permanent_follower_candidate,Eola,base_game,Followers - Miscellaneous Followers,,The Taste of Death,Follower eligibility,blades=Yes | steward hf=Yes | moral=0 | max level=30,option_list,SN-000068-follower-pet-mount-options.md,Source-listed permanent follower option; recruitment timing/default use deferred.
NPCOPT-000194,permanent_follower_candidate,Erandur,base_game,Followers - Miscellaneous Followers,,Waking Nightmare (in his favor),Follower eligibility,blades=Yes | moral=3 | max level=50,option_list,SN-000068-follower-pet-mount-options.md,Source-listed permanent follower option; recruitment timing/default use deferred.
NPCOPT-000195,permanent_follower_candidate,Faendal,base_game,Followers - Miscellaneous Followers,,A Lovely Letter (in his favor),Follower eligibility,blades=Yes | steward hf=Yes | moral=3 | max level=30,option_list,SN-000068-follower-pet-mount-options.md,Source-listed permanent follower option; recruitment timing/default use deferred.
NPCOPT-000196,permanent_follower_candidate,Kharjo,base_game,Followers - Miscellaneous Followers,,Amulet of the Moon,Follower eligibility,blades=Yes | moral=3 | max level=30,option_list,SN-000068-follower-pet-mount-options.md,Source-listed permanent follower option; recruitment timing/default use deferred.
NPCOPT-000197,permanent_follower_candidate,Mjoll the Lioness,base_game,Followers - Miscellaneous Followers,,Grimsever's Return,Follower eligibility,marry=Yes | blades=Yes | moral=0 | max level=40,option_list,SN-000068-follower-pet-mount-options.md,Source-listed permanent follower option; recruitment timing/default use deferred.
NPCOPT-000198,permanent_follower_candidate,Roggi Knot-Beard,base_game,Followers - Miscellaneous Followers,,Dungeon Delving (Caves) †,Follower eligibility,marry=Yes | blades=Yes | steward hf=Yes | moral=3 | max level=20,option_list,SN-000068-follower-pet-mount-options.md,Source-listed permanent follower option; recruitment timing/default use deferred.
NPCOPT-000199,permanent_follower_candidate,Sven,base_game,Followers - Miscellaneous Followers,,A Lovely Letter (in his favor),Follower eligibility,blades=Yes | steward hf=Yes | moral=2 | max level=20,option_list,SN-000068-follower-pet-mount-options.md,Source-listed permanent follower option; recruitment timing/default use deferred.
NPCOPT-000200,permanent_follower_candidate,Uthgerd the Unbroken,base_game,Followers - Miscellaneous Followers,,Fight! Fight!,Follower eligibility,marry=Yes | blades=Yes | steward hf=Yes | moral=3 | max level=30,option_list,SN-000068-follower-pet-mount-options.md,Source-listed permanent follower option; recruitment timing/default use deferred.
NPCOPT-000201,animal_follower_candidate,Armored Troll DG,base_game,Followers - Creatures,,Can be purchased from Gunmar in Fort Dawnguard for 500 gold. You may be given an Armored Frost Troll instead.,Follower eligibility,max level=14,option_list,SN-000068-follower-pet-mount-options.md,Source-listed permanent follower option; recruitment timing/default use deferred.
NPCOPT-000202,animal_follower_candidate,Armored Frost Troll DG,base_game,Followers - Creatures,,Can be purchased from Gunmar in Fort Dawnguard for 500 gold. You may be given an Armored Troll instead.,Follower eligibility,max level=22,option_list,SN-000068-follower-pet-mount-options.md,Source-listed permanent follower option; recruitment timing/default use deferred.
NPCOPT-000203,animal_follower_candidate,Bran DG,base_game,Followers - Creatures,,An armored husky in Fort Dawnguard.,Follower eligibility,pet hf=Yes | max level=25,option_list,SN-000068-follower-pet-mount-options.md,Source-listed permanent follower option; recruitment timing/default use deferred.
NPCOPT-000204,animal_follower_candidate,CuSith DG,base_game,Followers - Creatures,,A Death Hound in Volkihar Keep .,Follower eligibility,max level=5,option_list,SN-000068-follower-pet-mount-options.md,Source-listed permanent follower option; recruitment timing/default use deferred.
NPCOPT-000205,animal_follower_candidate,Garmr DG,base_game,Followers - Creatures,,A Death Hound in Volkihar Keep.,Follower eligibility,max level=5,option_list,SN-000068-follower-pet-mount-options.md,Source-listed permanent follower option; recruitment timing/default use deferred.
NPCOPT-000206,animal_follower_candidate,Meeko,base_game,Followers - Creatures,,A dog that can be found at Meeko's Shack .,Follower eligibility,pet hf=Yes | max level=25,option_list,SN-000068-follower-pet-mount-options.md,Source-listed permanent follower option; recruitment timing/default use deferred.
NPCOPT-000207,animal_follower_candidate,Sceolang DG,base_game,Followers - Creatures,,An armored husky in Fort Dawnguard.,Follower eligibility,pet hf=Yes | max level=25,option_list,SN-000068-follower-pet-mount-options.md,Source-listed permanent follower option; recruitment timing/default use deferred.
NPCOPT-000208,animal_follower_candidate,Stray Dog,base_game,Followers - Creatures,,"These can be found in a random encounter in the wilderness. If you talk to one, it will become your follower. Note: Is prone to disappearing on changing cells, being told to wait, or being told to go home unless already claimed as a pet by an adopted child.",Follower eligibility,pet hf=Yes | max level=25,option_list,SN-000068-follower-pet-mount-options.md,Source-listed permanent follower option; recruitment timing/default use deferred.
NPCOPT-000209,animal_follower_candidate,Vigilance,base_game,Followers - Creatures,,"A dog which can be purchased from Banning at the Markarth stables for 500 gold. As with the hirelings, if you dismiss Vigilance, he will return to Banning and you must pay the 500 gold again to get him back.",Follower eligibility,pet hf=Yes | max level=50,option_list,SN-000068-follower-pet-mount-options.md,Source-listed permanent follower option; recruitment timing/default use deferred.
NPCOPT-000210,animal_follower_candidate,"Riekling , Riekling Hunter , Riekling Scout or Riekling Warrior",base_game,Followers - Creatures,,,Follower eligibility,max level=23,option_list,SN-000068-follower-pet-mount-options.md,Source-listed permanent follower option; recruitment timing/default use deferred.
NPCOPT-000211,animal_follower_candidate,Steadfast Dwarven Sphere,base_game,Followers - Creatures,,,Follower eligibility,max level=30,option_list,SN-000068-follower-pet-mount-options.md,Source-listed permanent follower option; recruitment timing/default use deferred.
NPCOPT-000212,animal_follower_candidate,Steadfast Dwarven Spider,base_game,Followers - Creatures,,,Follower eligibility,,option_list,SN-000068-follower-pet-mount-options.md,Source-listed permanent follower option; recruitment timing/default use deferred.
NPCOPT-000213,permanent_follower_candidate,Hand Ethra Mavandas CC,ae_creation,Followers - Creation Club,,Ashen Heart,Follower eligibility,blades=Yes | moral=3 | max level=100,option_list,SN-000068-follower-pet-mount-options.md,Source-listed permanent follower option; recruitment timing/default use deferred.
NPCOPT-000214,permanent_follower_candidate,Hand Kydren Indobar CC,ae_creation,Followers - Creation Club,,Ashen Heart,Follower eligibility,blades=Yes | moral=3 | max level=100,option_list,SN-000068-follower-pet-mount-options.md,Source-listed permanent follower option; recruitment timing/default use deferred.
NPCOPT-000215,permanent_follower_candidate,Rulnik Wind-Strider CC,ae_creation,Followers - Creation Club,,A Dying Wish,Follower eligibility,marry=Yes | blades=Yes | steward hf=Yes | moral=3 | max level=75,option_list,SN-000068-follower-pet-mount-options.md,Source-listed permanent follower option; recruitment timing/default use deferred.
NPCOPT-000216,permanent_follower_candidate,Vesparth the Toe CC,ae_creation,Followers - Creation Club,,Ashen Heart,Follower eligibility,blades=Yes | steward hf=Yes | moral=3 | max level=100,option_list,SN-000068-follower-pet-mount-options.md,Source-listed permanent follower option; recruitment timing/default use deferred.
NPCOPT-000217,permanent_follower_candidate,Watchman Sindras CC,ae_creation,Followers - Creation Club,,Ashen Heart,Follower eligibility,blades=Yes | moral=3 | max level=100,option_list,SN-000068-follower-pet-mount-options.md,Source-listed permanent follower option; recruitment timing/default use deferred.
NPCOPT-000218,animal_follower_candidate,Arachnia CC,ae_creation,Followers - Creation Club,,Can be found in Cronvangr Cave with the Pets of Skyrim Creation.,Follower eligibility,max level=1,option_list,SN-000068-follower-pet-mount-options.md,Source-listed permanent follower option; recruitment timing/default use deferred.
NPCOPT-000219,animal_follower_candidate,Bone Wolf CC,ae_creation,Followers - Creation Club,,Can be found at a camp northwest of Folgunthur with the Bone Wolf Creation. It can be tamed with a Totem Bone .,Follower eligibility,,option_list,SN-000068-follower-pet-mount-options.md,Source-listed permanent follower option; recruitment timing/default use deferred.
NPCOPT-000220,animal_follower_candidate,Demented Elytra Nymph CC,ae_creation,Followers - Creation Club,,Can be found at the Seducers Bandit camp northwest of Windhelm with the Saints & Seducers Creation.,Follower eligibility,,option_list,SN-000068-follower-pet-mount-options.md,Source-listed permanent follower option; recruitment timing/default use deferred.
NPCOPT-000221,animal_follower_candidate,Dwarven Armored Mudcrab CC,ae_creation,Followers - Creation Club,,Can be purchased from Calcelmo in the Understone Keep in Markarth with Dwarven Armored Mudcrab Creation.,Follower eligibility,max level=5,option_list,SN-000068-follower-pet-mount-options.md,Source-listed permanent follower option; recruitment timing/default use deferred.
NPCOPT-000222,animal_follower_candidate,Hilda CC,ae_creation,Followers - Creation Club,,Can be purchased from Halvar in Rorikstead with the Pets of Skyrim Creation.,Follower eligibility,max level=1,option_list,SN-000068-follower-pet-mount-options.md,Source-listed permanent follower option; recruitment timing/default use deferred.
NPCOPT-000223,animal_follower_candidate,Manic Elytra Nymph CC,ae_creation,Followers - Creation Club,,Can be found at the Saints Bandit camp just west of North Brittleshin Pass entrance with the Saints & Seducers Creation.,Follower eligibility,,option_list,SN-000068-follower-pet-mount-options.md,Source-listed permanent follower option; recruitment timing/default use deferred.
NPCOPT-000224,animal_follower_candidate,Nix-Hound CC,ae_creation,Followers - Creation Club,,Can be found purchased from Revus Sarvani or Geldis Sadri with the Nix-Hound Creation.,Follower eligibility,,option_list,SN-000068-follower-pet-mount-options.md,Source-listed permanent follower option; recruitment timing/default use deferred.
NPCOPT-000225,animal_follower_candidate,Skritch CC,ae_creation,Followers - Creation Club,,Can be found in The Ratway below Riften with the Pets of Skyrim Creation.,Follower eligibility,max level=1,option_list,SN-000068-follower-pet-mount-options.md,Source-listed permanent follower option; recruitment timing/default use deferred.
NPCOPT-000226,animal_follower_candidate,Sweet Roll CC,ae_creation,Followers - Creation Club,,Can be found in a forest southwest of Half-Moon Mill with the Pets of Skyrim Creation. It can be tamed with a Sweet Roll .,Follower eligibility,max level=2,option_list,SN-000068-follower-pet-mount-options.md,Source-listed permanent follower option; recruitment timing/default use deferred.
NPCOPT-000227,animal_follower_candidate,Thistle CC,ae_creation,Followers - Creation Club,,Can be found at the Alchemist's Shack with the Pets of Skyrim Creation. It can be tamed with a Carrot .,Follower eligibility,max level=1,option_list,SN-000068-follower-pet-mount-options.md,Source-listed permanent follower option; recruitment timing/default use deferred.
NPCOPT-000228,animal_follower_candidate,Gogh CC,ae_creation,Followers - Creation Club,,"Can be found in the Gromm's Pass with the Goblins Creation. If the Blue God is slain and he is freed from the pit, he can be recruited as a follower.",Follower eligibility,max level=6,option_list,SN-000068-follower-pet-mount-options.md,Source-listed permanent follower option; recruitment timing/default use deferred.
NPCOPT-000229,stable_horse_purchase,Markarth Stable Horse,base_game,Purchasable Horses,Markarth Stables,Purchase from Cedran ( Banning ),Horse mount,color=Piebald,option_list,SN-000068-follower-pet-mount-options.md,Source-listed purchasable horse option; stable purchase/default mount policy deferred.
NPCOPT-000230,stable_horse_purchase,Riften Stable Horse,base_game,Purchasable Horses,Riften Stables,Purchase from Hofgrir Horse-Crusher,Horse mount,color=Dapple Grey,option_list,SN-000068-follower-pet-mount-options.md,Source-listed purchasable horse option; stable purchase/default mount policy deferred.
NPCOPT-000231,stable_horse_purchase,Solitude Stable Horse,base_game,Purchasable Horses,Solitude Stables,Purchase from Geimund ( Horm ),Horse mount,color=Palomino,option_list,SN-000068-follower-pet-mount-options.md,Source-listed purchasable horse option; stable purchase/default mount policy deferred.
NPCOPT-000232,stable_horse_purchase,Whiterun Stable Horse,base_game,Purchasable Horses,Whiterun Stables,Purchase from Skulvar Sable-Hilt ( Jervar ),Horse mount,color=Black,option_list,SN-000068-follower-pet-mount-options.md,Source-listed purchasable horse option; stable purchase/default mount policy deferred.
NPCOPT-000233,stable_horse_purchase,Windhelm Stable Horse,base_game,Purchasable Horses,Windhelm Stables,Purchase from Ulundil ( Arivanya ),Horse mount,color=Bay,option_list,SN-000068-follower-pet-mount-options.md,Source-listed purchasable horse option; stable purchase/default mount policy deferred.
NPCOPT-000234,stable_horse_purchase,Heljarchen Hall HF Stable Horse,hearthfire,Purchasable Horses,Heljarchen Hall HF,Purchase from Personal Steward HF,Horse mount,color=Black,option_list,SN-000068-follower-pet-mount-options.md,Source-listed purchasable horse option; stable purchase/default mount policy deferred.
NPCOPT-000235,stable_horse_purchase,Lakeview Manor HF Stable Horse,hearthfire,Purchasable Horses,Lakeview Manor HF,Purchase from Personal Steward HF,Horse mount,color=Palomino,option_list,SN-000068-follower-pet-mount-options.md,Source-listed purchasable horse option; stable purchase/default mount policy deferred.
NPCOPT-000236,stable_horse_purchase,Windstad Manor HF Stable Horse,hearthfire,Purchasable Horses,Windstad Manor HF,Purchase from Personal Steward HF,Horse mount,color=Dapple Grey,option_list,SN-000068-follower-pet-mount-options.md,Source-listed purchasable horse option; stable purchase/default mount policy deferred.
NPCOPT-000237,stable_horse_purchase,Goldenhills Plantation CC Stable Horse,ae_creation,Purchasable Horses,Goldenhills Plantation CC,Purchase from Personal Steward HF,Horse mount,color=random,option_list,SN-000068-follower-pet-mount-options.md,Source-listed purchasable horse option; stable purchase/default mount policy deferred.
NPCOPT-000238,unique_mount,Frost,base_game,Unique Horses,Black-Briar Lodge,Promises to Keep outcome,Horse mount,,option_list,SN-000068-follower-pet-mount-options.md,Unique horse; ownership route and Louis Letrush outcome deferred.
NPCOPT-000239,unique_mount,Shadowmere,base_game,Unique Horses,Dark Brotherhood questline,The Cure for Madness,Horse mount,,option_list,SN-000068-follower-pet-mount-options.md,Unique horse reward; Dark Brotherhood route timing deferred.
NPCOPT-000240,unique_mount,Arvak,dawnguard,Unique Horses,Soul Cairn and summoned,Soul Cairn horse quest,Horse mount,,option_list,SN-000068-follower-pet-mount-options.md,Summonable Dawnguard mount; Soul Cairn sweep timing deferred.
