merchant_investment_record_id,objective_id,merchant_name,store_name,town_or_route,hold,source_content,merchant_type,base_gold,invest_status,master_trader_status,investment_policy,availability_notes,source_page,source_id,citations,notes
MERINV-000001,OBJ-002718,Nurelion (Quintus Navale),The White Phial,Windhelm,Eastmarch,base_game,Apothecary,500,available,available,main_route_investment,,https://en.uesp.net/wiki/Skyrim:Merchants,SRC-000296,SN-000085-merchant-investment-scope.md,Source-listed checked Invest row; final route timing and NPC safety validation deferred.
MERINV-000002,OBJ-002719,Oengul War-Anvil (Hermir Strong-Heart),Blacksmith Quarters,Windhelm,Eastmarch,base_game,Blacksmith,1000,available,available,main_route_investment,,https://en.uesp.net/wiki/Skyrim:Merchants,SRC-000296,SN-000085-merchant-investment-scope.md,Source-listed checked Invest row; final route timing and NPC safety validation deferred.
MERINV-000003,OBJ-002720,Revyn Sadri,Sadri's Used Wares,Windhelm,Eastmarch,base_game,General,750,available,available,main_route_investment,,https://en.uesp.net/wiki/Skyrim:Merchants,SRC-000296,SN-000085-merchant-investment-scope.md,Source-listed checked Invest row; final route timing and NPC safety validation deferred.
MERINV-000004,OBJ-002721,Wuunferth the Unliving,Palace of the Kings,Windhelm,Eastmarch,base_game,Spells,500,available,available,main_route_investment,,https://en.uesp.net/wiki/Skyrim:Merchants,SRC-000296,SN-000085-merchant-investment-scope.md,Source-listed checked Invest row; final route timing and NPC safety validation deferred.
MERINV-000005,OBJ-002722,Solaf,Gray Pine Goods,Falkreath,Falkreath Hold,base_game,General; sells Blue Mage Robes,750,available,available,main_route_investment,,https://en.uesp.net/wiki/Skyrim:Merchants,SRC-000296,SN-000085-merchant-investment-scope.md,Source-listed checked Invest row; final route timing and NPC safety validation deferred.
MERINV-000006,,Lod,Lod's House,Falkreath,Falkreath Hold,base_game,Blacksmith,1000,bugged_unofficial_patch_only,available,excluded_unofficial_patch_only,,https://en.uesp.net/wiki/Skyrim:Merchants,SRC-000296,SN-000085-merchant-investment-scope.md,Source table marks investment as bugged without the Unofficial Patch; do not route under official PS4 AE policy.
MERINV-000007,,Zaria,Grave Concoctions,Falkreath,Falkreath Hold,base_game,Apothecary,500,bugged_unofficial_patch_only,available,excluded_unofficial_patch_only,,https://en.uesp.net/wiki/Skyrim:Merchants,SRC-000296,SN-000085-merchant-investment-scope.md,Source table marks investment as bugged without the Unofficial Patch; do not route under official PS4 AE policy.
MERINV-000008,,Angeline Morrard (Vivienne Onis),Angeline's Aromatics,Solitude,Haafingar,base_game,Apothecary,500,bugged_unofficial_patch_only,available,excluded_unofficial_patch_only,,https://en.uesp.net/wiki/Skyrim:Merchants,SRC-000296,SN-000085-merchant-investment-scope.md,Source table marks investment as bugged without the Unofficial Patch; do not route under official PS4 AE policy.
MERINV-000009,OBJ-002723,Beirand,Solitude Blacksmith,Solitude,Haafingar,base_game,Blacksmith,1000,available,available,main_route_investment,,https://en.uesp.net/wiki/Skyrim:Merchants,SRC-000296,SN-000085-merchant-investment-scope.md,Source-listed checked Invest row; final route timing and NPC safety validation deferred.
MERINV-000010,OBJ-002724,Endarie; Taarie,Radiant Raiment,Solitude,Haafingar,base_game,"Clothing , Jewelry",750,available,available,main_route_investment,,https://en.uesp.net/wiki/Skyrim:Merchants,SRC-000296,SN-000085-merchant-investment-scope.md,Source-listed checked Invest row; final route timing and NPC safety validation deferred.
MERINV-000011,,Fihada (Jawanan),Fletcher,Solitude,Haafingar,base_game,"Armor , Arrows , Tools , Weapons",750,bugged_unofficial_patch_only,available,excluded_unofficial_patch_only,,https://en.uesp.net/wiki/Skyrim:Merchants,SRC-000296,SN-000085-merchant-investment-scope.md,Source table marks investment as bugged without the Unofficial Patch; do not route under official PS4 AE policy.
MERINV-000012,OBJ-002725,Sayma,Bits and Pieces,Solitude,Haafingar,base_game,General,750,available,available,main_route_investment,,https://en.uesp.net/wiki/Skyrim:Merchants,SRC-000296,SN-000085-merchant-investment-scope.md,Source-listed checked Invest row; final route timing and NPC safety validation deferred.
MERINV-000013,OBJ-002726,Sybille Stentor (Melaran),Blue Palace,Solitude,Haafingar,base_game,Spells,500,available,available,main_route_investment,,https://en.uesp.net/wiki/Skyrim:Merchants,SRC-000296,SN-000085-merchant-investment-scope.md,Source-listed checked Invest row; final route timing and NPC safety validation deferred.
MERINV-000014,,Falion,Falion's House,Morthal,Hjaalmarch,base_game,Spells; sells 1 Black Soul Gem,500,bugged_unofficial_patch_only,available,excluded_unofficial_patch_only,Cures vampirism,https://en.uesp.net/wiki/Skyrim:Merchants,SRC-000296,SN-000085-merchant-investment-scope.md,Source table marks investment as bugged without the Unofficial Patch; do not route under official PS4 AE policy.
MERINV-000015,OBJ-002727,Lami,Thaumaturgist's Hut,Morthal,Hjaalmarch,base_game,Apothecary,500,available,available,main_route_investment,,https://en.uesp.net/wiki/Skyrim:Merchants,SRC-000296,SN-000085-merchant-investment-scope.md,Source-listed checked Invest row; final route timing and NPC safety validation deferred.
MERINV-000016,OBJ-002728,Frida,The Mortar and Pestle,Dawnstar,The Pale,base_game,Apothecary,500,available,available,main_route_investment,,https://en.uesp.net/wiki/Skyrim:Merchants,SRC-000296,SN-000085-merchant-investment-scope.md,Source-listed checked Invest row; final route timing and NPC safety validation deferred.
MERINV-000017,OBJ-002729,Rustleif; Seren,Rustleif's House,Dawnstar,The Pale,base_game,Blacksmith,1000,available,available,main_route_investment,,https://en.uesp.net/wiki/Skyrim:Merchants,SRC-000296,SN-000085-merchant-investment-scope.md,Source-listed checked Invest row; final route timing and NPC safety validation deferred.
MERINV-000018,OBJ-002730,Bothela (Muiri),The Hag's Cure,Markarth,The Reach,base_game,Apothecary,500,available,available,main_route_investment,,https://en.uesp.net/wiki/Skyrim:Merchants,SRC-000296,SN-000085-merchant-investment-scope.md,Source-listed checked Invest row; final route timing and NPC safety validation deferred.
MERINV-000019,OBJ-002731,Calcelmo,in Understone Keep,Markarth,The Reach,base_game,Spells,500,available,available,main_route_investment,,https://en.uesp.net/wiki/Skyrim:Merchants,SRC-000296,SN-000085-merchant-investment-scope.md,Source-listed checked Invest row; final route timing and NPC safety validation deferred.
MERINV-000020,,Ghorza gra-Bagol (Tacitus Sallustius),at the forge near The Hag's Cure or in Understone Keep,Markarth,The Reach,base_game,Blacksmith,1000,bugged_unofficial_patch_only,available,excluded_unofficial_patch_only,,https://en.uesp.net/wiki/Skyrim:Merchants,SRC-000296,SN-000085-merchant-investment-scope.md,Source table marks investment as bugged without the Unofficial Patch; do not route under official PS4 AE policy.
MERINV-000021,OBJ-002732,Lisbet (Imedhnain),Arnleif and Sons Trading Company,Markarth,The Reach,base_game,General,750,available,available,main_route_investment,,https://en.uesp.net/wiki/Skyrim:Merchants,SRC-000296,SN-000085-merchant-investment-scope.md,Source-listed checked Invest row; final route timing and NPC safety validation deferred.
MERINV-000022,OBJ-002733,Moth gro-Bagol,in Understone Keep,Markarth,The Reach,base_game,Blacksmith,500,available,available,main_route_investment,,https://en.uesp.net/wiki/Skyrim:Merchants,SRC-000296,SN-000085-merchant-investment-scope.md,Source-listed checked Invest row; final route timing and NPC safety validation deferred.
MERINV-000023,OBJ-002734,Balimund (Asbjorn Fire-Tamer),The Scorched Hammer,Riften,The Rift,base_game,Blacksmith,1000,available,available,main_route_investment,,https://en.uesp.net/wiki/Skyrim:Merchants,SRC-000296,SN-000085-merchant-investment-scope.md,Source-listed checked Invest row; final route timing and NPC safety validation deferred.
MERINV-000024,OBJ-002735,Bersi Honey-Hand (Drifa),Pawned Prawn,Riften,The Rift,base_game,General,750,available,available,main_route_investment,,https://en.uesp.net/wiki/Skyrim:Merchants,SRC-000296,SN-000085-merchant-investment-scope.md,Source-listed checked Invest row; final route timing and NPC safety validation deferred.
MERINV-000025,,Brand-Shei,Marketplace Stall,Riften,The Rift,base_game,General,750,bugged_unofficial_patch_only,available,excluded_unofficial_patch_only,,https://en.uesp.net/wiki/Skyrim:Merchants,SRC-000296,SN-000085-merchant-investment-scope.md,Source table marks investment as bugged without the Unofficial Patch; do not route under official PS4 AE policy.
MERINV-000026,OBJ-002736,Elgrim; Hafjorg,Elgrim's Elixirs,Riften,The Rift,base_game,Apothecary,500,available,available,main_route_investment,,https://en.uesp.net/wiki/Skyrim:Merchants,SRC-000296,SN-000085-merchant-investment-scope.md,Source-listed checked Invest row; final route timing and NPC safety validation deferred.
MERINV-000027,,Grelka,Marketplace Stall,Riften,The Rift,base_game,General,750,bugged_unofficial_patch_only,available,excluded_unofficial_patch_only,,https://en.uesp.net/wiki/Skyrim:Merchants,SRC-000296,SN-000085-merchant-investment-scope.md,Source table marks investment as bugged without the Unofficial Patch; do not route under official PS4 AE policy.
MERINV-000028,,Madesi,Marketplace Stall,Riften,The Rift,base_game,Jeweler,750,bugged_unofficial_patch_only,not_investable,excluded_unofficial_patch_only,,https://en.uesp.net/wiki/Skyrim:Merchants,SRC-000296,SN-000085-merchant-investment-scope.md,Source table marks investment as bugged without the Unofficial Patch; do not route under official PS4 AE policy.
MERINV-000029,,Marise Aravel,Marketplace Stall,Riften,The Rift,base_game,General,50,bugged_unofficial_patch_only,not_investable,excluded_unofficial_patch_only,,https://en.uesp.net/wiki/Skyrim:Merchants,SRC-000296,SN-000085-merchant-investment-scope.md,Source table marks investment as bugged without the Unofficial Patch; do not route under official PS4 AE policy.
MERINV-000030,OBJ-002737,Wylandriah,in Mistveil Keep,Riften,The Rift,base_game,Spells,1000,available,available,main_route_investment,,https://en.uesp.net/wiki/Skyrim:Merchants,SRC-000296,SN-000085-merchant-investment-scope.md,Source-listed checked Invest row; final route timing and NPC safety validation deferred.
MERINV-000031,,Filnjar,Filnjar's House,Shor's Stone,The Rift,base_game,Blacksmith,500,bugged_unofficial_patch_only,available,excluded_unofficial_patch_only,,https://en.uesp.net/wiki/Skyrim:Merchants,SRC-000296,SN-000085-merchant-investment-scope.md,Source table marks investment as bugged without the Unofficial Patch; do not route under official PS4 AE policy.
MERINV-000032,OBJ-002738,Florentius Baenius DG,,Fort Dawnguard DG,The Rift,dawnguard,"Apothecary, Spells",500,available,available,main_route_investment,Hostile to vampires,https://en.uesp.net/wiki/Skyrim:Merchants,SRC-000296,SN-000085-merchant-investment-scope.md,Source-listed checked Invest row; final route timing and NPC safety validation deferred.
MERINV-000033,OBJ-002739,Glover Mallory,Glover Mallory's House,Raven Rock,Solstheim,dragonborn,Blacksmith,2000,available,available,main_route_investment,,https://en.uesp.net/wiki/Skyrim:Merchants,SRC-000296,SN-000085-merchant-investment-scope.md,Source-listed checked Invest row; final route timing and NPC safety validation deferred.
MERINV-000034,,Blacksmith CC,Ashfall's Tear CC,Ashfall's Tear CC,Solstheim,ae_creation,Blacksmith,2130,unknown_needs_validation,available,needs_validation_unknown_ae,Only appears if you side with the Tribunal Temple during Her Word Against Theirs,https://en.uesp.net/wiki/Skyrim:Merchants,SRC-000296,SN-000085-merchant-investment-scope.md,Source table marks investment status as unknown; validate official PS4 AE behavior before routing.
MERINV-000035,,Caretaker Ineril CC,Ashfall's Tear CC,Ashfall's Tear CC,Solstheim,ae_creation,General,1500,unknown_needs_validation,available,needs_validation_unknown_ae,Only appears after you give one of the translated Propaganda Letters to Geldis Sadri during Her Word Against Theirs,https://en.uesp.net/wiki/Skyrim:Merchants,SRC-000296,SN-000085-merchant-investment-scope.md,Source table marks investment status as unknown; validate official PS4 AE behavior before routing.
MERINV-000036,,Curate Melita CC,Ashfall's Tear CC,Ashfall's Tear CC,Solstheim,ae_creation,Apothecary,2000,unknown_needs_validation,available,needs_validation_unknown_ae,Only available if you set her free during Careless Curation,https://en.uesp.net/wiki/Skyrim:Merchants,SRC-000296,SN-000085-merchant-investment-scope.md,Source table marks investment status as unknown; validate official PS4 AE behavior before routing.
MERINV-000037,,Priest Drureth CC,Ashfall's Tear CC,Ashfall's Tear CC,Solstheim,ae_creation,Apothecary,2000,unknown_needs_validation,available,needs_validation_unknown_ae,,https://en.uesp.net/wiki/Skyrim:Merchants,SRC-000296,SN-000085-merchant-investment-scope.md,Source table marks investment status as unknown; validate official PS4 AE behavior before routing.
MERINV-000038,OBJ-002740,Alvor,Alvor and Sigrid's House,Riverwood,Whiterun Hold,base_game,Blacksmith,500,available,available,main_route_investment,,https://en.uesp.net/wiki/Skyrim:Merchants,SRC-000296,SN-000085-merchant-investment-scope.md,Source-listed checked Invest row; final route timing and NPC safety validation deferred.
MERINV-000039,OBJ-002741,Lucan Valerius (Camilla Valerius),Riverwood Trader,Riverwood,Whiterun Hold,base_game,"General; sells Blue Mage Robes , several Spell Tomes",750,available,available,main_route_investment,,https://en.uesp.net/wiki/Skyrim:Merchants,SRC-000296,SN-000085-merchant-investment-scope.md,Source-listed checked Invest row; final route timing and NPC safety validation deferred.
MERINV-000040,OBJ-002742,Adrianne Avenicci (Outside),Warmaiden's,Whiterun,Whiterun Hold,base_game,Blacksmith,1000,available,available,main_route_investment,,https://en.uesp.net/wiki/Skyrim:Merchants,SRC-000296,SN-000085-merchant-investment-scope.md,Source-listed checked Invest row; final route timing and NPC safety validation deferred.
MERINV-000041,OBJ-002743,Adrianne Avenicci; Ulfberth War-Bear,Warmaiden's,Whiterun,Whiterun Hold,base_game,Blacksmith,1000,available,available,main_route_investment,,https://en.uesp.net/wiki/Skyrim:Merchants,SRC-000296,SN-000085-merchant-investment-scope.md,Source-listed checked Invest row; final route timing and NPC safety validation deferred.
MERINV-000042,,Anoriath,Marketplace Stall,Whiterun,Whiterun Hold,base_game,Innkeeper,50,bugged_unofficial_patch_only,available,excluded_unofficial_patch_only,,https://en.uesp.net/wiki/Skyrim:Merchants,SRC-000296,SN-000085-merchant-investment-scope.md,Source table marks investment as bugged without the Unofficial Patch; do not route under official PS4 AE policy.
MERINV-000043,OBJ-002744,Arcadia,Arcadia's Cauldron,Whiterun,Whiterun Hold,base_game,Apothecary,500,available,available,main_route_investment,,https://en.uesp.net/wiki/Skyrim:Merchants,SRC-000296,SN-000085-merchant-investment-scope.md,Source-listed checked Invest row; final route timing and NPC safety validation deferred.
MERINV-000044,OBJ-002745,Belethor,Belethor's General Goods,Whiterun,Whiterun Hold,base_game,General,750,available,available,main_route_investment,,https://en.uesp.net/wiki/Skyrim:Merchants,SRC-000296,SN-000085-merchant-investment-scope.md,Source-listed checked Invest row; final route timing and NPC safety validation deferred.
MERINV-000045,,Elrindir,The Drunken Huntsman,Whiterun,Whiterun Hold,base_game,"Armor , Arrows , Food , Tools , Weapons",750,bugged_unofficial_patch_only,available,excluded_unofficial_patch_only,,https://en.uesp.net/wiki/Skyrim:Merchants,SRC-000296,SN-000085-merchant-investment-scope.md,Source table marks investment as bugged without the Unofficial Patch; do not route under official PS4 AE policy.
MERINV-000046,OBJ-002746,Farengar Secret-Fire,Dragonsreach,Whiterun,Whiterun Hold,base_game,Spells,500,available,available,main_route_investment,,https://en.uesp.net/wiki/Skyrim:Merchants,SRC-000296,SN-000085-merchant-investment-scope.md,Source-listed checked Invest row; final route timing and NPC safety validation deferred.
MERINV-000047,OBJ-002747,Birna,Birna's Oddments,Winterhold,Winterhold,base_game,General,750,available,available,main_route_investment,,https://en.uesp.net/wiki/Skyrim:Merchants,SRC-000296,SN-000085-merchant-investment-scope.md,Source-listed checked Invest row; final route timing and NPC safety validation deferred.
MERINV-000048,OBJ-002748,Ahkari,Dawnstar or Riften,Dawnstar or Riften,Not Specific to One Hold,base_game,General; Sells Moon Sugar and Skooma,750,available,available,main_route_investment,,https://en.uesp.net/wiki/Skyrim:Merchants,SRC-000296,SN-000085-merchant-investment-scope.md,Source-listed checked Invest row; final route timing and NPC safety validation deferred.
MERINV-000049,OBJ-002749,Ma'dran,Solitude or Windhelm,Solitude or Windhelm,Not Specific to One Hold,base_game,General; Sells Moon Sugar and Skooma,750,available,available,main_route_investment,,https://en.uesp.net/wiki/Skyrim:Merchants,SRC-000296,SN-000085-merchant-investment-scope.md,Source-listed checked Invest row; final route timing and NPC safety validation deferred.
MERINV-000050,OBJ-002750,Ri'saad,Markarth or Whiterun,Markarth or Whiterun,Not Specific to One Hold,base_game,General; Sells Moon Sugar and Skooma,750,available,available,main_route_investment,,https://en.uesp.net/wiki/Skyrim:Merchants,SRC-000296,SN-000085-merchant-investment-scope.md,Source-listed checked Invest row; final route timing and NPC safety validation deferred.
